연번,호선,역명,장비종류,호기,승강기번호,운행구간,설치위치
1,1,서울역(1),E/S,1,1800-448,B2-B1,연결통로(4호선)
2,1,서울역(1),E/S,2,1806-600,B1-B2,남영 방면2-3
3,1,서울역(1),E/S,3,1806-599,B2-B1,시청 방면9-3
4,1,서울역(1),E/S,4,1810-816,B1-1F,4번 출입구
5,1,서울역(1),E/S,5,1810-817,1F-B1,4번 출입구
6,1,시청(1),E/S,1,1808-119,1F-B1,5번 출입구
7,1,시청(1),E/S,2,1808-120,B1-1F,5번 출입구
8,1,시청(1),E/S,3,1809-239,B1-1F,1번 출입구
9,1,종각,E/S,1,1810-730,1F-B1,1번 출입구
10,1,종각,E/S,2,1810-729,B1-1F,1번 출입구
11,1,종로3가(1),E/S,1,1806-432,1F-B1,1번 출입구
12,1,종로3가(1),E/S,2,1806-431,B1-1F,1번 출입구
13,1,종로3가(1),E/S,3,1806-598,1F-B1,14번 출입구
14,1,종로3가(1),E/S,4,1806-597,B1-1F,14번 출입구
15,1,동대문(1),E/S,1,1809-225,B1-1F,1번 출입구
16,1,동묘앞(1),E/S,1,1800-056,B2-B3,신설동 방면9-1
17,1,동묘앞(1),E/S,2,1800-055,B3-B2,신설동 방면9-1
18,1,동묘앞(1),E/S,3,1800-057,B2-B1,신설동 방면6-2
19,1,동묘앞(1),E/S,4,1800-060,B2-B1,동대문 방면5-4
20,1,동묘앞(1),E/S,5,1800-061,B1-B2,동대문 방면2-4
21,1,동묘앞(1),E/S,6,1800-062,B2-B1,동대문 방면2-4
22,1,동묘앞(1),E/S,7,1800-054,1F-B1,1번 출입구
23,1,동묘앞(1),E/S,8,1800-053,B1-1F,1번 출입구
24,1,동묘앞(1),E/S,9,1800-059,1F-B1,2번 출입구
25,1,동묘앞(1),E/S,10,1800-058,B1-1F,2번 출입구
26,1,동묘앞(1),E/S,11,1800-063,1F-B1,3번 출입구
27,1,동묘앞(1),E/S,12,1800-064,B1-1F,3번 출입구
28,1,제기동,E/S,1,1809-138,1F-B1,2번 출입구
29,1,제기동,E/S,2,1809-139,B1-1F,2번 출입구
30,1,청량리(1),E/S,1,1809-136,1F-B1,6번 출입구
31,1,청량리(1),E/S,2,1809-137,B1-1F,6번 출입구
32,1,청량리(1),E/S,3,1806-436,1F-B1,2번 출입구
33,1,청량리(1),E/S,4,1806-435,B1-1F,2번 출입구
34,2,시청(2),E/S,3,1808-578,B1-B2,대합실(1호선 환승통로 방면)
35,2,시청(2),E/S,4,1808-577,B2-B1,대합실(1호선 환승통로 방면)
36,2,시청(2),E/S,5,1808-576,B1-B2,대합실(1호선 환승통로 방면)
37,2,시청(2),E/S,6,1808-575,B2-B1,대합실(1호선 환승통로 방면)
38,2,을지로입구,E/S,1,1801-058,1F-B1,8번 출입구
39,2,을지로입구,E/S,2,1801-059,B1-1F,8번 출입구
40,2,을지로입구,E/S,3,1800-931,1F-연결통로,1번 출입구
41,2,을지로입구,E/S,4,1800-930,연결통로-1F,1번 출입구
42,2,을지로입구,E/S,5,1800-933,B1-연결통로,1번 출입구
43,2,을지로입구,E/S,6,1800-932,연결통로-B1,1번 출입구
44,2,을지로4가(2),E/S,1,1808-584,1F-B1,5번 출입구
45,2,을지로4가(2),E/S,2,1808-583,B1-1F,5번 출입구
46,2,동대문역사문화공원(2),E/S,1,1800-722,1F-B1,3번 출입구
47,2,동대문역사문화공원(2),E/S,2,1800-723,B1-1F,3번 출입구
48,2,신당(2),E/S,1,1801-299,1F-B1,3번 출입구
49,2,신당(2),E/S,2,1801-244,B1-1F,3번 출입구
50,2,상왕십리,E/S,1,1812-874,1F-B1,1번 출입구
51,2,상왕십리,E/S,2,1812-873,B1-1F,1번 출입구
52,2,상왕십리,E/S,3,1812-872,B1-B2,1번 출입구
53,2,상왕십리,E/S,4,1812-871,B2-B1,1번 출입구
54,2,상왕십리,E/S,5,1809-944,1F-B1,1-1번 출입구
55,2,상왕십리,E/S,6,1809-943,B1-1F,1-1번 출입구
56,2,상왕십리,E/S,7,1809-942,B1-B2,1-1번 출입구
57,2,상왕십리,E/S,8,1809-941,B2-B1,1-1번 출입구
58,2,왕십리(2),E/S,1,1801-006,1F-B1,3번 출입구
59,2,왕십리(2),E/S,2,1800-400,B1-1F,3번 출입구
60,2,왕십리(2),E/S,3,1809-216,B1-B2,상왕십리 방면7-1
61,2,왕십리(2),E/S,4,1809-217,B2-B1,상왕십리 방면7-1
62,2,왕십리(2),E/S,5,1809-218,B1-B2,한양대 방면2-3
63,2,왕십리(2),E/S,6,1809-219,B2-B1,한양대 방면2-3
64,2,왕십리(2),E/S,7,1808-501,B1-B2,한양대 방면3-1
65,2,왕십리(2),E/S,8,1808-502,B2-B1,한양대 방면3-1
66,2,한양대,E/S,1,1800-556,2F-1F,1번 출입구
67,2,한양대,E/S,2,1800-555,1F-2F,1번 출입구
68,2,뚝섬,E/S,1,1808-121,2F-1F,5번 출입구
69,2,뚝섬,E/S,2,1801-057,1F-2F,5번 출입구
70,2,뚝섬,E/S,3,1800-470,2F-1F,2번 출입구
71,2,뚝섬,E/S,4,1800-471,1F-2F,2번 출입구
72,2,뚝섬,E/S,5,1800-472,2F-1F,8번 출입구
73,2,뚝섬,E/S,6,1800-473,1F-2F,8번 출입구
74,2,뚝섬,E/S,7,1812-506,2F-1F,3번 출입구
75,2,뚝섬,E/S,8,1812-505,1F-2F,3번 출입구
76,2,성수,E/S,1,1809-487,2F-1F,1번 출입구
77,2,성수,E/S,2,1809-486,1F-2F,1번 출입구
78,2,성수,E/S,3,1809-489,2F-1F,2번 출입구
79,2,성수,E/S,4,1809-488,1F-2F,2번 출입구
80,2,성수,E/S,5,1809-490,2F-1F,3번 출입구
81,2,성수,E/S,6,1809-491,1F-2F,3번 출입구
82,2,성수,E/S,7,1809-492,2F-1F,4번 출입구
83,2,성수,E/S,8,1809-493,1F-2F,4번 출입구
84,2,용두,E/S,1,1809-045,B2-B1,신설동 방면2-4
85,2,용두,E/S,2,1809-046,B2-B1,신답 방면3-1
86,2,용두,E/S,3,1809-049,1F-B1,1번 출입구
87,2,용두,E/S,4,1809-050,B1-1F,1번 출입구
88,2,용두,E/S,5,1809-051,1F-B1,2번 출입구
89,2,용두,E/S,6,1809-052,B1-1F,2번 출입구
90,2,용두,E/S,7,1809-047,1F-B1,3번 출입구
91,2,용두,E/S,8,1809-048,B1-1F,3번 출입구
92,2,용두,E/S,9,1809-053,1F-B1,4번 출입구
93,2,용두,E/S,10,1809-054,B1-1F,4번 출입구
94,2,용두,E/S,11,1809-055,1F-B1,5번 출입구
95,2,용두,E/S,12,1809-056,B1-1F,5번 출입구
96,2,건대입구(2),E/S,1,1801-062,2F-1F,6번 출입구
97,2,건대입구(2),E/S,2,1801-063,1F-2F,6번 출입구
98,2,구의,E/S,1,1809-196,2F-1F,1번 출입구
99,2,구의,E/S,2,1809-197,1F-2F,1번 출입구
100,2,구의,E/S,3,1803-426,2F-1F,4번 출입구
101,2,구의,E/S,4,1803-427,1F-2F,4번 출입구
102,2,구의,E/S,5,1806-177,2F-1F,2번 출입구
103,2,구의,E/S,6,1806-178,1F-2F,2번 출입구
104,2,강변,E/S,1,1811-789,2F-1F,잠실나루 방면 9-1
105,2,강변,E/S,2,1811-788,1F-2F,잠실나루 방면 9-1
106,2,잠실나루,E/S,1,1806-940,M1-1F,"대합실(2,3번 출입구)"
107,2,잠실나루,E/S,2,1806-939,1F-M1,"대합실(2,3번 출입구)"
108,2,잠실나루,E/S,3,1809-597,M1-2F,강변 방면10-1
109,2,잠실나루,E/S,4,1809-598,2F-M1,잠실 방면1-4
110,2,잠실(2),E/S,1,1801-758,1F-B1,5번 출입구
111,2,잠실(2),E/S,2,1801-757,B1-1F,5번 출입구
112,2,잠실(2),E/S,3,1808-875,1F-B1,1번 출입구
113,2,잠실(2),E/S,4,1808-874,B1-1F,1번 출입구
114,2,잠실(2),E/S,5,1807-812,1F-B1,2번 출입구
115,2,잠실(2),E/S,6,1807-811,B1-1F,2번 출입구
116,2,잠실새내,E/S,1,1802-837,B1-1F,1번 출입구
117,2,잠실새내,E/S,2,1802-836,1F-B1,2번 출입구
118,2,잠실새내,E/S,3,1802-748,B1-1F,2번 출입구
119,2,잠실새내,E/S,4,1802-928,1F-B1,5번 출입구
120,2,잠실새내,E/S,5,1802-929,B1-1F,5번 출입구
121,2,잠실새내,E/S,6,1802-930,1F-B1,6번 출입구
122,2,잠실새내,E/S,7,1802-931,B1-1F,6번 출입구
123,2,잠실새내,E/S,8,1802-838,1F-B1,7번 출입구
124,2,잠실새내,E/S,9,1802-839,B1-1F,7번 출입구
125,2,잠실새내,E/S,10,1802-609,1F-B1,8번 출입구
126,2,잠실새내,E/S,11,1802-749,B1-1F,8번 출입구
127,2,종합운동장(2),E/S,1,1801-772,1F-B1,4번 출입구
128,2,종합운동장(2),E/S,2,1801-773,B1-1F,4번 출입구
129,2,종합운동장(2),E/S,3,1809-564,B1-1F,8번 출입구
130,2,종합운동장(2),E/S,4,1811-804,1F-B1,1번 출입구
131,2,종합운동장(2),E/S,5,1811-803,B1-1F,1번 출입구
132,2,삼성,E/S,1,1805-214,1F-B1,3번 출입구
133,2,삼성,E/S,2,1805-215,B1-1F,3번 출입구
134,2,삼성,E/S,3,1811-348,1F-B1,7번 출입구
135,2,삼성,E/S,4,1811-347,B1-1F,7번 출입구
136,2,선릉(2),E/S,1,1802-744,1F-B1,4번 출입구
137,2,선릉(2),E/S,2,1802-745,B1-1F,4번 출입구
138,2,역삼,E/S,1,1805-221,B1-B2,"대합실(1,2,5,6,7,8번 출입구방면)"
139,2,역삼,E/S,2,1805-222,B2-B1,"대합실(1,2,5,6,7,8번 출입구방면)"
140,2,역삼,E/S,3,1805-223,B1-B2,"대합실(1,2,5,6,7,8번 출입구방면)"
141,2,역삼,E/S,4,1805-224,B2-B1,"대합실(1,2,5,6,7,8번 출입구방면)"
142,2,역삼,E/S,5,1805-225,BM-B1,"1,2번 출입구방면 통로"
143,2,역삼,E/S,6,1805-226,B1-BM,"1,2번 출입구방면 통로"
144,2,역삼,E/S,7,1805-227,BM-B1,5~8번 출입구방면 통로
145,2,역삼,E/S,8,1805-228,B1-BM,5~8번 출입구방면 통로
146,2,역삼,E/S,9,1801-837,1F-B2,3번 출입구
147,2,역삼,E/S,10,1801-830,B2-1F,3번 출입구
148,2,역삼,E/S,11,1805-229,1F-B2,4번 출입구
149,2,역삼,E/S,12,1805-230,B2-1F,4번 출입구
150,2,역삼,E/S,13,1812-137,1F-B1,2번 출입구
151,2,역삼,E/S,14,1812-138,B1-1F,2번 출입구
152,2,교대(2),E/S,1,1801-775,1F-B1,6번 출입구
153,2,교대(2),E/S,2,1801-774,B1-1F,6번 출입구
154,2,서초,E/S,1,1802-697,1F-B1,6번 출입구
155,2,서초,E/S,2,1802-698,B1-1F,6번 출입구
156,2,서초,E/S,3,1806-990,1F-B1,3번 출입구
157,2,서초,E/S,4,1806-989,B1-1F,3번 출입구
158,2,서초,E/S,5,1807-000,1F-B1,4번 출입구
159,2,서초,E/S,6,1806-999,B1-1F,4번 출입구
160,2,서초,E/S,7,1808-896,1F-B1," 3,4번 출입구"
161,2,서초,E/S,8,1808-892,B1-1F," 3,4번 출입구"
162,2,방배,E/S,1,1809-590,1F-B1,4번 출입구
163,2,방배,E/S,2,1809-589,B1-1F,4번 출입구
164,2,사당(2),E/S,1,1804-019,B1-B2,방배 방면3-3
165,2,사당(2),E/S,2,1804-274,B2-B1,방배 방면3-3
166,2,사당(2),E/S,3,1804-020,B1-B2,방배 방면8-1
167,2,사당(2),E/S,4,1804-276,B2-B1,방배 방면8-1
168,2,사당(2),E/S,5,1804-021,B1-B2,낙성대 방면3-3
169,2,사당(2),E/S,6,1804-275,B2-B1,낙성대 방면3-3
170,2,사당(2),E/S,7,1804-277,B1-B2,낙성대 방면8-1
171,2,사당(2),E/S,8,1804-022,B2-B1,낙성대 방면8-1
172,2,사당(2),E/S,9,1804-023,1F-B1,14번 출입구
173,2,사당(2),E/S,10,1804-024,B1-1F,14번 출입구
174,2,사당(2),E/S,11,1804-025,1F-B1,5번 출입구
175,2,사당(2),E/S,12,1804-026,B1-1F,5번 출입구
176,2,낙성대,E/S,1,1803-573,1F-B1,4번 출입구
177,2,낙성대,E/S,2,1803-574,B1-1F,4번 출입구
178,2,낙성대,E/S,3,1807-750,1F-B1,1번 출입구
179,2,낙성대,E/S,4,1807-749,B1-1F,1번 출입구
180,2,낙성대,E/S,5,1813-254,1F-B1,5번 출입구
181,2,낙성대,E/S,6,1813-233,B1-1F,5번 출입구
182,2,낙성대,E/S,7,1815-796,B1-1F,8번 출입구
183,2,낙성대,E/S,8,1815-797,1F-B1,8번 출입구
184,2,서울대입구,E/S,1,1803-446,B2-B1,"봉천 방면 8-4, 낙성대 방면 2-4"
185,2,서울대입구,E/S,2,1803-447,B1-B2,"봉천방면 6-2, 낙성대 방면 5-3"
186,2,서울대입구,E/S,3,1803-448,B2-B1,"봉천방면 6-2, 낙성대 방면 5-3"
187,2,서울대입구,E/S,4,1803-449,B2-B1,"봉천 방면 2-4, 낙성대 방면 8-4"
188,2,서울대입구,E/S,5,1803-450,1F-B1,3번 출입구
189,2,서울대입구,E/S,6,1803-451,B1-1F,3번 출입구
190,2,서울대입구,E/S,7,1803-452,1F-B1,4번 출입구
191,2,서울대입구,E/S,8,1803-453,B1-1F,4번 출입구
192,2,봉천,E/S,1,1807-211,B1-B2,서울대입구 방면5-3
193,2,봉천,E/S,2,1807-210,B2-B1,서울대입구 방면6-2
194,2,봉천,E/S,3,1807-213,1F-B1,3번 출입구
195,2,봉천,E/S,4,1807-212,B1-1F,3번 출입구
196,2,봉천,E/S,5,1807-215,1F-B1,6번 출입구
197,2,봉천,E/S,6,1807-214,B1-1F,6번 출입구
198,2,봉천,E/S,7,1815-784,1F-B1,4번 출입구
199,2,봉천,E/S,8,1815-785,B1-1F,4번 출입구
200,2,신림,E/S,2,1803-563,B1-1F,2번 출입구
201,2,신림,E/S,3,1803-562,1F-B1,2번 출입구
202,2,신림,E/S,4,1810-998,B1-1F,4번 출입구
203,2,신림,E/S,5,1810-999,1F-B1,4번 출입구
204,2,신대방,E/S,1,1803-536,2F-3F,신림방면4-3
205,2,신대방,E/S,2,1803-537,3F-2F,신림방면4-3
206,2,신대방,E/S,3,1803-538,2F-3F,신림 방면8-3
207,2,신대방,E/S,4,1803-539,3F-2F,신림 방면8-3
208,2,신대방,E/S,5,1803-540,2F-3F,구로디지털 방면3-1
209,2,신대방,E/S,6,1803-541,3F-2F,구로디지털 방면3-1
210,2,신대방,E/S,7,1803-542,2F-3F,구로디지털 방면7-1
211,2,신대방,E/S,8,1803-543,3F-2F,구로디지털 방면7-1
212,2,구로디지털단지,E/S,1,1803-560,1F-2F,2번 출입구
213,2,구로디지털단지,E/S,2,1803-561,2F-1F,3번 출입구
214,2,구로디지털단지,E/S,3,1803-558,2F-1F,5번 출입구
215,2,구로디지털단지,E/S,4,1803-559,1F-2F,5번 출입구
216,2,대림(2),E/S,1,1803-788,2F-1F,1번 출입구
217,2,대림(2),E/S,2,1803-789,1F-2F,1번 출입구
218,2,대림(2),E/S,3,1803-791,2F-1F,8번 출입구
219,2,대림(2),E/S,4,1803-790,1F-2F,8번 출입구
220,2,대림(2),E/S,5,1807-691,2F-1F,5번 출입구
221,2,대림(2),E/S,6,1807-690,1F-2F,5번 출입구
222,2,신도림(2),E/S,1,1803-777,B3-B2,대림 방면7-3
223,2,신도림(2),E/S,2,1803-776,B3-B2,대림 방면7-3
224,2,신도림(2),E/S,3,1807-302,B3-B2,문래 방면4-1
225,2,신도림(2),E/S,4,1808-850,B3-B2,대림 방면4-2
226,2,신도림(2),E/S,5,1808-849,B2-B3,대림 방면4-2
227,2,신도림(2),E/S,6,1808-848,B3-B2,대림 방면5-1
228,2,신도림(2),E/S,7,1808-847,B2-B3,대림 방면5-1
229,2,신도림(2),E/S,8,1808-846,B3-B2,대림 방면7-3
230,2,신도림(2),E/S,9,1808-845,B2-B3,대림 방면7-3
231,2,양천구청,E/S,1,1811-000,1F-B1,2번 출입구
232,2,양천구청,E/S,2,1811-009,B1-1F,2번 출입구
233,2,신정네거리,E/S,1,3810-962,1F-B1,1번 출입구
234,2,신정네거리,E/S,2,3810-961,B1-1F,1번 출입구
235,2,신정네거리,E/S,3,1811-015,1F-B1,2번 출입구
236,2,신정네거리,E/S,4,1811-014,B1-1F,2번 출입구
237,2,문래,E/S,1,1807-182,1F-B1,1번 출입구
238,2,문래,E/S,2,1807-181,B1-1F,1번 출입구
239,2,문래,E/S,3,1807-184,1F-B1,2번 출입구
240,2,문래,E/S,4,1807-183,B1-1F,2번 출입구
241,2,영등포구청(2),E/S,1,1803-525,1F-B1,1번 출입구
242,2,영등포구청(2),E/S,2,1803-524,B1-1F,1번 출입구
243,2,당산(2),E/S,1,1803-575,1F-2F,3번 출입구
244,2,합정(2),E/S,1,1800-427,B2-B1,당산 방면4-1
245,2,합정(2),E/S,2,1800-428,B2-B1,홍대입구 방면7-3
246,2,합정(2),E/S,3,1809-484,1F-B2,2번 출입구
247,2,합정(2),E/S,4,1809-485,B2-1F,2번 출입구
248,2,홍대입구(2),E/S,1,1800-425,B1-B2,"신촌 방면7-3, 합정 방면4-2"
249,2,홍대입구(2),E/S,2,1800-426,B2-B1,"합정 방면4-1, 신촌 방면7-4"
250,2,홍대입구(2),E/S,3,1808-983,1F-B1,2번 출입구
251,2,홍대입구(2),E/S,4,1808-984,B1-1F,2번 출입구
252,2,홍대입구(2),E/S,5,1808-585,1F-B1,1번 출입구
253,2,홍대입구(2),E/S,6,1808-586,B1-1F,1번 출입구
254,2,홍대입구(2),E/S,7,1808-587,1F-B1,1번 출입구
255,2,홍대입구(2),E/S,8,1808-588,B1-1F,1번 출입구
256,2,신촌,E/S,1,1808-986,1F-B1,7번 출입구
257,2,신촌,E/S,2,1808-985,B1-1F,7번 출입구
258,2,신촌,E/S,3,1813-888,1F-B1,6번 출입구
259,2,신촌,E/S,4,1813-887,B1-1F,6번 출입구
260,2,이대,E/S,1,1800-770,B2-B3,"아현 방면9-3, 신촌 방면2-2"
261,2,이대,E/S,2,1800-771,B3-B2,"신촌 방면2-2, 아현 방면9-3"
262,2,이대,E/S,3,1800-772,B2-B3,"아현 방면2-2, 신촌 방면9-3"
263,2,이대,E/S,4,1800-759,B3-B2,"신촌 방면9-3, 아현 방면2-2"
264,2,아현,E/S,1,1810-493,1F-B1,1번 출입구
265,2,아현,E/S,2,1810-492,B1-1F,1번 출입구
266,2,충정로(2),E/S,1,1809-482,B2-B3,"시청 방면7-1, 아현 방면4-4"
267,2,충정로(2),E/S,2,1809-483,B3-B2,"아현 방면4-4, 시청 방면7-1"
268,2,충정로(2),E/S,3,1809-207,B1-B2,"1,2,5,6번 출입구"
269,2,충정로(2),E/S,4,1809-208,B2-B1,"1,2,5,6번 출입구"
270,3,구파발,E/S,1,1808-122,1F-B1,3번 출입구
271,3,구파발,E/S,2,1808-123,B1-1F,3번 출입구
272,3,구파발,E/S,3,1813-947,B1-1F,2번 출입구
273,3,구파발,E/S,4,1813-948,1F-B1,2번 출입구
274,3,연신내(3),E/S,1,1800-463,1F-B1,2번 출입구
275,3,연신내(3),E/S,2,1800-464,B1-1F,2번 출입구
276,3,연신내(3),E/S,3,1800-465,1F-B1,4번 출입구
277,3,연신내(3),E/S,4,1801-575,B1-1F,4번 출입구
278,3,불광(3),E/S,1,1808-124,1F-B1,5번 출입구
279,3,불광(3),E/S,2,1808-125,B1-1F,5번 출입구
280,3,녹번,E/S,1,1813-890,1F-B1,1번 출입구
281,3,녹번,E/S,2,1813-889,B1-1F,1번 출입구
282,3,독립문,E/S,1,1800-879,B3-B2,"무악재 방면4-4, 경복궁 방면7-1"
283,3,독립문,E/S,2,1800-898,B3-B2,"무악재 방면7-4, 경복궁 방면4-1"
284,3,독립문,E/S,3,1806-175,B2-B1,대합실(5번 출입구)
285,3,독립문,E/S,4,1806-176,B1-B2,대합실(5번 출입구)
286,3,독립문,E/S,5,1810-780,1F-B1,3-1번 출입구
287,3,독립문,E/S,6,1810-779,B1-1F,3-1번 출입구
288,3,독립문,E/S,7,1815-111,1F-B1,4번 출입구
289,3,독립문,E/S,8,1815-112,B1-1F,4번 출입구
290,3,경복궁,E/S,1,1800-315,B2-B3,"안국 방면9-1, 독립문 방면2-4"
291,3,경복궁,E/S,2,1800-308,B3-B2,"독립문 방면2-4, 안국 방면9-1"
292,3,경복궁,E/S,3,1800-003,B2-B3,"안국 방면3-2, 독립문 방면8-3"
293,3,경복궁,E/S,4,1800-004,B3-B2,"안국 방면3-2, 독립문 방면8-3"
294,3,경복궁,E/S,5,1800-309,B1-B2,대합실
295,3,경복궁,E/S,6,1800-310,B2-B1,대합실
296,3,경복궁,E/S,7,1800-005,B1-B2,대합실
297,3,경복궁,E/S,8,1800-006,B2-B1,대합실
298,3,경복궁,E/S,9,1810-126,1F-B1,3-1번 출입구
299,3,경복궁,E/S,10,1810-125,B1-1F,3-1번 출입구
300,3,안국,E/S,1,1801-132,B3-B4,"종로3가 방면7-2, 경복궁 방면4-3"
301,3,안국,E/S,2,1801-133,B4-B3,"경복궁 방면4-3, 종로3가 방면7-2"
302,3,안국,E/S,3,1801-134,B3-B4,"종로3가 방면4-4, 경복궁 방면7-1"
303,3,안국,E/S,4,1801-135,B4-B3,"경복궁 방면7-1, 종로3가 방면4-4"
304,3,안국,E/S,5,1801-136,B2-B3,대합실(5-1번 출입구)
305,3,안국,E/S,6,1801-137,B3-B2,대합실(5-1번 출입구)
306,3,안국,E/S,7,1801-138,B2-B3,"대합실(2,3,4,5번 출입구)"
307,3,안국,E/S,8,1801-139,B3-B2,"대합실(2,3,4,5번 출입구)"
308,3,안국,E/S,9,1808-579,1F-B1,5번 출입구
309,3,안국,E/S,10,1808-580,B1-1F,5번 출입구
310,3,종로3가(3),E/S,1,1800-338,B2-B4,환승통로(3호선)
311,3,종로3가(3),E/S,2,1800-339,B4-B2,환승통로(1호선)
312,3,종로3가(3),E/S,3,1800-082,B1-B3,"환승통로(3,5호선)"
313,3,종로3가(3),E/S,4,1800-083,B3-B1,"환승통로(3,5호선)"
314,3,종로3가(3),E/S,5,1800-084,B1-B3,"환승통로(1,3호선)"
315,3,종로3가(3),E/S,6,1800-085,B3-B1,"환승통로(1,3호선)"
316,3,을지로3가(3),E/S,1,1800-477,B3-B2,"종로3가 방면4-2, 충무로 방면7-4"
317,3,을지로3가(3),E/S,2,1801-129,B3-B2,"충무로 방면4-3, 종로3가 방면7-2"
318,3,동대입구,E/S,1,1801-712,1F-B2,6번 출입구
319,3,동대입구,E/S,2,1801-711,B2-1F,6번 출입구
320,3,동대입구,E/S,3,1810-107,1F-B1,5번 출입구
321,3,동대입구,E/S,4,1810-108,B1-1F,5번 출입구
322,3,약수(3),E/S,1,1801-061,1F-B1,5번 출입구
323,3,약수(3),E/S,2,1801-060,B1-1F,5번 출입구
324,3,금호,E/S,1,1807-016,1F-B1,2번 출입구
325,3,금호,E/S,2,1807-015,B1-1F,2번 출입구
326,3,금호,E/S,3,1801-394,1F-B1,3번 출입구
327,3,금호,E/S,4,1800-224,B1-1F,3번 출입구
328,3,금호,E/S,5,1812-555,1F-B1,4번 출입구
329,3,금호,E/S,6,1812-554,B1-1F,4번 출입구
330,3,옥수(3),E/S,1,1806-299,2F-1F,4번 출입구
331,3,옥수(3),E/S,2,1806-300,1F-2F,4번 출입구
332,3,옥수(3),E/S,3,1810-844,1F-2F,3번 출입구
333,3,옥수(3),E/S,4,1810-845,2F-1F,3번 출입구
334,3,압구정,E/S,1,1809-342,1F-B1,1번 출입구
335,3,압구정,E/S,2,1809-343,B1-1F,1번 출입구
336,3,압구정,E/S,3,1809-341,B1-1F,5번 출입구
337,3,압구정,E/S,4,1811-389,M-B2,3번 출입구
338,3,압구정,E/S,5,1811-390,B2-M,3번 출입구
339,3,압구정,E/S,6,1811-391,1F-M,3번 출입구
340,3,압구정,E/S,7,1811-392,M-1F,3번 출입구
341,3,압구정,E/S,8,1811-449,B1-1F,6번 출입구
342,3,압구정,E/S,9,1811-450,1F-B1,6번 출입구
343,3,신사,E/S,1,1809-339,1F-B1,8번 출입구
344,3,신사,E/S,2,1809-340,B1-1F,8번 출입구
345,3,신사,E/S,3,1802-053,M-B1,5번 출입구
346,3,신사,E/S,4,1802-054,B1-M,5번 출입구
347,3,신사,E/S,5,1802-051,1F-B1,5번 출입구
348,3,신사,E/S,6,1802-052,B1-1F,5번 출입구
349,3,고속터미널(3),E/S,1,1802-099,B2-B3,잠원 방면2-3
350,3,고속터미널(3),E/S,2,1802-100,B3-B2,잠원 방면2-3
351,3,고속터미널(3),E/S,3,1802-101,B2-B3,잠원 방면4-3
352,3,고속터미널(3),E/S,4,1802-102,B3-B2,잠원 방면4-3
353,3,고속터미널(3),E/S,5,1802-103,B2-B3,잠원 방면7-2
354,3,고속터미널(3),E/S,6,1802-287,B3-B2,잠원 방면7-2
355,3,고속터미널(3),E/S,7,1802-288,B2-B3,잠원 방면9-2
356,3,고속터미널(3),E/S,8,1802-289,B3-B2,잠원 방면9-2
357,3,고속터미널(3),E/S,9,1802-290,B2-B3,교대 방면2-3
358,3,고속터미널(3),E/S,10,1802-106,B3-B2,교대 방면2-3
359,3,고속터미널(3),E/S,11,1802-291,B2-B3,교대 방면4-3
360,3,고속터미널(3),E/S,12,1802-292,B3-B2,교대 방면4-3
361,3,고속터미널(3),E/S,13,1802-107,B2-B3,교대 방면7-2
362,3,고속터미널(3),E/S,14,1802-108,B3-B2,교대 방면7-2
363,3,고속터미널(3),E/S,15,1802-104,B2-B3,교대 방면9-2
364,3,고속터미널(3),E/S,16,1802-105,B3-B2,교대 방면9-2
365,3,고속터미널(3),E/S,17,1809-326,B1-B2,대합실(경부선 환승통로 방면)
366,3,고속터미널(3),E/S,18,1809-327,B2-B1,대합실(경부선 환승통로 방면)
367,3,고속터미널(3),E/S,19,1802-109,B1-B2,대합실(경부선 환승통로 방면)
368,3,고속터미널(3),E/S,20,1802-110,B2-B1,대합실(경부선 환승통로 방면)
369,3,고속터미널(3),E/S,21,1809-328,B1-B2,대합실(경부선 환승통로 방면)
370,3,고속터미널(3),E/S,22,1809-329,B2-B1,대합실(경부선 환승통로 방면)
371,3,고속터미널(3),E/S,23,1809-338,B1-B2,대합실(경부선 환승통로 방면)
372,3,고속터미널(3),E/S,24,1802-111,B2-B1,대합실(경부선 환승통로 방면)
373,3,교대(3),E/S,1,1809-330,B2-B3,"고속터미널 방면3-2, 남부터미널 방면8-3"
374,3,교대(3),E/S,2,1809-331,B3-B2,"고속터미널 방면3-2, 남부터미널 방면8-3"
375,3,남부터미널,E/S,1,1802-115,1F-B1,6번 출입구
376,3,남부터미널,E/S,2,1802-116,B1-1F,6번 출입구
377,3,양재(3),E/S,1,1802-399,1F-B1,5번 출입구
378,3,양재(3),E/S,2,1802-398,B1-1F,5번 출입구
379,3,매봉,E/S,1,1807-908,1F-B1,4번 출입구
380,3,매봉,E/S,2,1807-907,B1-1F,4번 출입구
381,3,매봉,E/S,3,1809-592,1F-B1,1번 출입구
382,3,매봉,E/S,4,1809-591,B1-1F,1번 출입구
383,3,도곡(3),E/S,1,1807-846,B1-B3,매봉 방면4-1
384,3,도곡(3),E/S,2,1807-847,B3-B1,매봉 방면4-1
385,3,도곡(3),E/S,3,1807-913,B1-B3,매봉 방면7-4
386,3,도곡(3),E/S,4,1807-912,B3-B1,매봉 방면7-4
387,3,도곡(3),E/S,5,1807-915,B1-B3,대치 방면4-1
388,3,도곡(3),E/S,6,1807-914,B3-B1,대치 방면4-1
389,3,도곡(3),E/S,7,1807-848,B1-B3,대치 방면7-4
390,3,도곡(3),E/S,8,1807-849,B3-B1,대치 방면7-4
391,3,대치,E/S,1,1807-887,B2-B3,"도곡 방면1-1, 학여울 방면10-4"
392,3,대치,E/S,2,1807-854,B3-B2,"도곡 방면1-1, 학여울 방면10-4"
393,3,대치,E/S,3,1807-855,B2-B3,"도곡 방면10-4, 학여울 방면1-1"
394,3,대치,E/S,4,1807-888,B3-B2,"도곡 방면10-4, 학여울 방면1-1"
395,3,대치,E/S,5,1810-043,1F-B1,4번 출입구
396,3,대치,E/S,6,1810-044,B1-1F,4번 출입구
397,3,대치,E/S,7,1812-120,1F-B1,8번 출입구
398,3,대치,E/S,8,1812-119,B1-1F,8번 출입구
399,3,학여울,E/S,1,1809-354,B2-B4,대합실(1번 출입구방면)
400,3,학여울,E/S,2,1809-355,B4-B2,대합실(1번 출입구방면)
401,3,대청,E/S,1,1807-886,1F-B1,6번 출입구
402,3,대청,E/S,2,1807-885,B1-1F,6번 출입구
403,3,대청,E/S,3,1811-190,1F-B1,3번 출입구
404,3,대청,E/S,4,1811-189,B1-1F,3번 출입구
405,3,일원,E/S,1,1811-327,1F-B1,1번 출입구
406,3,일원,E/S,2,1811-328,B1-1F,1번 출입구
407,3,일원,E/S,3,1811-301,B1-1F,2번 출입구
408,3,일원,E/S,4,1811-302,1F-B1,3번 출입구
409,3,일원,E/S,5,1811-319,B1-1F,6번 출입구
410,3,일원,E/S,6,1811-320,1F-B1,6번 출입구
411,3,수서(3),E/S,1,1802-119,1F-B1,1번 출입구
412,3,수서(3),E/S,2,1802-120,B1-1F,1번 출입구
413,3,수서(3),E/S,3,1802-055,1F-B1,2번 출입구
414,3,수서(3),E/S,4,1802-056,B1-1F,2번 출입구
415,3,수서(3),E/S,5,1802-117,1F-B1,6번 출입구
416,3,수서(3),E/S,6,1802-118,B1-1F,6번 출입구
417,3,수서(3),E/S,7,1812-114,B1-B2,일원 방면9-3
418,3,수서(3),E/S,8,1812-113,B2-B1,일원 방면9-3
419,3,수서(3),E/S,9,1812-116,B1-B2,가락시장 방면2-2
420,3,수서(3),E/S,10,1812-115,B2-B1,가락시장 방면2-2
421,3,수서(3),E/S,11,1812-970,1F-B1,5번 출입구
422,3,수서(3),E/S,12,1812-969,B1-1F,5번 출입구
423,3,가락시장(3),E/S,1,1809-395,B2-B4,수서 방면4-4
424,3,가락시장(3),E/S,2,1809-396,B4-B2,수서 방면4-4
425,3,가락시장(3),E/S,3,1809-397,B2-B4,수서 방면6-3
426,3,가락시장(3),E/S,4,1809-398,B4-B2,수서 방면6-3
427,3,가락시장(3),E/S,5,1809-399,B3-B4,수서 방면8-3
428,3,가락시장(3),E/S,6,1809-400,B4-B3,수서 방면8-3
429,3,가락시장(3),E/S,7,1808-601,B4-B3,수서 방면10-1
430,3,가락시장(3),E/S,8,1808-602,B4-B3,경찰병원 방면2-1
431,3,가락시장(3),E/S,9,1808-603,B3-B4,경찰병원 방면3-2
432,3,가락시장(3),E/S,10,1808-604,B4-B3,경찰병원 방면3-2
433,3,가락시장(3),E/S,11,1808-605,B2-B4,경찰병원 방면5-2
434,3,가락시장(3),E/S,12,1808-606,B4-B2,경찰병원 방면5-2
435,3,가락시장(3),E/S,13,1808-607,B2-B4,경찰병원 방면7-1
436,3,가락시장(3),E/S,14,1808-608,B4-B2,경찰병원 방면7-1
437,3,가락시장(3),E/S,15,1808-609,B1-B2,대합실(2번 출입구방면)
438,3,가락시장(3),E/S,16,1808-610,B2-B1,대합실(2번 출입구방면)
439,3,가락시장(3),E/S,17,1808-611,B1-B2,대합실(2번 출입구방면)
440,3,가락시장(3),E/S,18,1808-612,B2-B1,대합실(2번 출입구방면)
441,3,가락시장(3),E/S,19,1808-613,1F-B1,7번 출입구
442,3,가락시장(3),E/S,20,1808-614,B1-1F,7번 출입구
443,3,가락시장(3),E/S,21,1808-616,1F-B2,8번 출입구
444,3,가락시장(3),E/S,22,1808-615,B2-1F,8번 출입구
445,3,경찰병원,E/S,1,1809-375,B1-B3,가락시장 방면2-1
446,3,경찰병원,E/S,2,1809-376,B3-B1,가락시장 방면2-1
447,3,경찰병원,E/S,3,1809-377,B1-B3,가락시장 방면6-2
448,3,경찰병원,E/S,4,1809-378,B3-B1,가락시장 방면6-2
449,3,경찰병원,E/S,5,1809-379,B1-B3,가락시장 방면7-4
450,3,경찰병원,E/S,6,1809-380,B3-B1,가락시장 방면7-4
451,3,경찰병원,E/S,7,1809-381,B1-B3,오금 방면4-1
452,3,경찰병원,E/S,8,1809-382,B3-B1,오금 방면4-1
453,3,경찰병원,E/S,9,1809-383,B1-B3,오금 방면5-3
454,3,경찰병원,E/S,10,1809-384,B3-B1,오금 방면5-3
455,3,경찰병원,E/S,11,1809-385,B1-B3,오금 방면9-4
456,3,경찰병원,E/S,12,1809-386,B3-B1,오금 방면9-4
457,3,경찰병원,E/S,13,1809-387,1F-B1,1번 출입구
458,3,경찰병원,E/S,14,1809-388,B1-1F,1번 출입구
459,3,경찰병원,E/S,15,1809-389,1F-B1,2번 출입구
460,3,경찰병원,E/S,16,1809-390,B1-1F,2번 출입구
461,3,경찰병원,E/S,17,1809-391,BM-B1,"3,4번 출입구 사이"
462,3,경찰병원,E/S,18,1809-392,B1-BM,"3,4번 출입구 사이"
463,3,경찰병원,E/S,19,1809-393,1F-B1,3번 출입구
464,3,경찰병원,E/S,20,1809-394,B1-1F,3번 출입구
465,3,오금(3),E/S,1,1809-360,B3-B4,경찰병원 방면2-2
466,3,오금(3),E/S,2,1809-361,B4-B3,경찰병원 방면2-2
467,3,오금(3),E/S,3,1809-362,B1-B4,경찰병원 방면4-2
468,3,오금(3),E/S,4,1809-363,B4-B1,경찰병원 방면4-2
469,3,오금(3),E/S,5,1809-364,B3-B4,경찰병원 방면7-1
470,3,오금(3),E/S,6,1809-365,B4-B3,오금 방면4-4
471,3,오금(3),E/S,7,1809-366,B1-B4,오금 방면7-3
472,3,오금(3),E/S,8,1809-367,B4-B1,오금 방면7-3
473,3,오금(3),E/S,9,1809-368,B3-B4,오금 방면9-3
474,3,오금(3),E/S,10,1809-369,B4-B3,오금 방면9-3
475,3,오금(3),E/S,11,1809-370,B1-B3,환승통로(5호선)
476,3,오금(3),E/S,12,1809-371,B3-B1,환승통로(5호선)
477,3,오금(3),E/S,13,1809-372,1F-B1,1번 출입구
478,3,오금(3),E/S,14,1809-373,B1-1F,1번 출입구
479,3,오금(3),E/S,15,1809-374,B1-1F,2번 출입구
480,4,당고개,E/S,1,1813-713,3F-2F,별내별가람 방면3-1
481,4,당고개,E/S,2,1813-714,2F-3F,별내별가람 방면3-1
482,4,당고개,E/S,3,1803-225,2F-1F,"1,4번 출입구"
483,4,당고개,E/S,4,1815-715,1F-2F,"1,4번 출입구"
484,4,상계,E/S,1,1810-582,2F-1F,1번 출입구
485,4,상계,E/S,2,1810-581,1F-2F,1번 출입구
486,4,상계,E/S,3,1810-594,2F-3F,노원 방면2-1
487,4,상계,E/S,4,1810-595,3F-2F,노원 방면2-1
488,4,노원(4),E/S,1,1806-720,2F-1F,1번 출입구
489,4,노원(4),E/S,2,1803-067,1F-2F,1번 출입구
490,4,노원(4),E/S,3,1813-716,3F-2F,2번 출입구
491,4,노원(4),E/S,4,1813-715,2F-3F,2번 출입구
492,4,창동(4),E/S,1,1806-832,2F-1F,1번 출입구
493,4,창동(4),E/S,2,1806-842,1F-2F,1번 출입구
494,4,창동(4),E/S,3,1810-584,2F-1F,1번 출입구
495,4,창동(4),E/S,4,1810-585,1F-2F,1번 출입구
496,4,창동(4),E/S,5,1810-586,2F-1F,2번 출입구
497,4,창동(4),E/S,6,1810-587,1F-2F,2번 출입구
498,4,쌍문,E/S,1,1803-299,1F-B1,4번 출입구
499,4,쌍문,E/S,2,1803-300,B1-1F,4번 출입구
500,4,쌍문,E/S,3,1810-171,1F-B1,2번 출입구
501,4,쌍문,E/S,4,1810-172,B1-1F,2번 출입구
502,4,쌍문,E/S,5,1813-707,1F-B1,3번 출입구
503,4,쌍문,E/S,6,1813-708,B1-1F,3번 출입구
504,4,수유,E/S,1,1809-186,1F-B1,3번 출입구
505,4,수유,E/S,2,1809-187,B1-1F,3번 출입구
506,4,수유,E/S,3,1809-188,1F-B1,8번 출입구
507,4,수유,E/S,4,1809-189,B1-1F,8번 출입구
508,4,미아,E/S,1,1806-719,1F-B1,3번 출입구
509,4,미아,E/S,2,1806-718,B1-1F,3번 출입구
510,4,미아,E/S,3,1806-895,1F-B1,1번 출입구
511,4,미아,E/S,4,1806-894,B1-1F,1번 출입구
512,4,미아,E/S,5,1803-202,1F-B1,6번 출입구
513,4,미아,E/S,6,1803-201,B1-1F,6번 출입구
514,4,미아사거리,E/S,1,1806-716,1F-B1,3번 출입구
515,4,미아사거리,E/S,2,1806-717,B1-1F,3번 출입구
516,4,길음,E/S,1,1806-831,B1-1F,2번 출입구
517,4,길음,E/S,2,1803-356,1F-B1,3번 출입구
518,4,길음,E/S,3,1803-355,B1-1F,3번 출입구
519,4,성신여대입구(4),E/S,1,1803-353,1F-B1,1번 출입구
520,4,성신여대입구(4),E/S,2,1803-354,B1-1F,1번 출입구
521,4,성신여대입구(4),E/S,3,1810-583,1F-B1,4번 출입구
522,4,성신여대입구(4),E/S,4,1806-697,B1-1F,4번 출입구
523,4,한성대입구,E/S,1,1809-932,1F-B1,5번 출입구
524,4,한성대입구,E/S,2,1809-931,B1-1F,5번 출입구
525,4,혜화,E/S,1,1800-166,1F-B1,1번 출입구
526,4,혜화,E/S,2,1800-165,B1-1F,1번 출입구
527,4,혜화,E/S,3,1810-100,1F-B1,3번 출입구
528,4,혜화,E/S,4,1810-099,B1-1F,3번 출입구
529,4,동대문(4),E/S,1,1801-111,B2-B4,동대문역사문화공원 방면7-4
530,4,동대문(4),E/S,2,1801-112,B4-B2,혜화 방면4-1
531,4,동대문(4),E/S,3,1801-113,B2-B4,동대문역사문화공원 방면3-3
532,4,동대문(4),E/S,4,1801-114,B4-B2,혜화 방면8-2
533,4,동대문(4),E/S,5,1800-340,B1-B2,대합실
534,4,동대문(4),E/S,6,1800-341,B2-B1,대합실
535,4,동대문(4),E/S,7,1808-172,1F-B1,8번 출입구
536,4,동대문(4),E/S,8,1808-173,B1-1F,8번 출입구
537,4,동대문(4),E/S,9,1810-701,1F-B1,9번 출입구
538,4,동대문(4),E/S,10,1810-702,B1-1F,9번 출입구
539,4,동대문역사문화공원(4),E/S,1,1801-576,B1-B3,충무로 방면8-3
540,4,동대문역사문화공원(4),E/S,2,1801-577,B3-B1,동대문 방면3-1
541,4,동대문역사문화공원(4),E/S,3,1800-475,B2-B3,동대문 방면6-3
542,4,동대문역사문화공원(4),E/S,4,1800-474,B3-B2,충무로 방면5-2
543,4,동대문역사문화공원(4),E/S,5,1808-987,B2-B3,충무로 방면2-4
544,4,동대문역사문화공원(4),E/S,6,1808-988,B3-B2,동대문 방면9-1
545,4,충무로(4),E/S,1,1808-128,B3-B2,동대문역사문화공원 방면4-2
546,4,충무로(4),E/S,2,1808-129,B3-B2,동대문역사문화공원 방면4-2
547,4,충무로(4),E/S,3,1808-130,B2-B3,명동 방면6-3
548,4,충무로(4),E/S,4,1808-131,B3-B2,동대문역사문화공원 방면6-3
549,4,충무로(4),E/S,5,1808-132,B2-B3,명동 방면5-2
550,4,충무로(4),E/S,6,1808-133,B3-B2,동대문역사문화공원 방면5-2
551,4,충무로(4),E/S,8,1808-135,B3-B2,동대문역사문화공원 방면7-2
552,4,충무로(4),E/S,9,1808-136,B1-B2,대합실(동대문역사문화공원 방면4-2)
553,4,충무로(4),E/S,10,1808-137,B2-B1,대합실(동대문역사문화공원 방면4-2)
554,4,충무로(4),E/S,11,1808-138,B1-B2,대합실(동대문역사문화공원 방면6-3)
555,4,충무로(4),E/S,12,1808-139,B2-B1,대합실(동대문역사문화공원 방면6-3)
556,4,충무로(4),E/S,13,1808-140,B1-B2,대합실(명동 방면5-2)
557,4,충무로(4),E/S,14,1808-141,B2-B1,대합실(명동 방면5-2)
558,4,충무로(4),E/S,15,1808-142,B1-B2,대합실(명동 방면7-2)
559,4,충무로(4),E/S,16,1808-143,B2-B1,대합실(명동 방면7-2)
560,4,충무로(4),E/S,17,1800-486,B4-B2,환승통로(동대입구 방면5-2)
561,4,충무로(4),E/S,18,1800-487,B4-B2,환승통로(동대입구 방면5-2)
562,4,충무로(4),E/S,19,1801-479,B2-B4,환승통로(을지로3가 방면6-3)
563,4,충무로(4),E/S,20,1801-409,B4-B2,환승통로(을지로3가 방면6-3)
564,4,충무로(4),E/S,21,1806-329,1F-B1,1번 출입구
565,4,충무로(4),E/S,22,1806-330,B1-1F,1번 출입구
566,4,충무로(4),E/S,23,1810-866,B1-1F,5번 출입구
567,4,충무로(4),E/S,24,1810-867,1F-B1,5번 출입구
568,4,명동,E/S,1,1800-724,A계단-B2,회현 방면10-4
569,4,명동,E/S,3,1800-725,B계단-B2,충무로 방면10-4
570,4,명동,E/S,4,1801-054,B2-B계단,회현 방면1-1
571,4,명동,E/S,5,1810-714,1F-B1,1번 출입구
572,4,명동,E/S,6,1810-715,B1-1F,1번 출입구
573,4,회현,E/S,1,1801-681,A계단-B2,서울역 방면10-4
574,4,회현,E/S,2,1801-682,B2-A계단,명동 방면1-1
575,4,회현,E/S,3,1801-683,B2-B4,명동 방면6-4
576,4,회현,E/S,4,1801-684,B4-B2,서울역 방면4-4
577,4,회현,E/S,5,1801-685,B2-B4,서울역 방면1-4
578,4,회현,E/S,6,1801-686,B4-B2,명동 방면9-4
579,4,서울역(4),E/S,1,1801-085,1F-B1,숙대입구 방면10-4
580,4,서울역(4),E/S,2,1801-373,B1-1F,회현 방면1-1
581,4,서울역(4),E/S,3,1801-348,1F-B1,9-1번 출입구(교통섬) 
582,4,서울역(4),E/S,4,1801-316,B1-1F,9-1번 출입구(교통섬) 
583,4,삼각지(4),E/S,1,1801-578,1F-B1,2번 출입구
584,4,삼각지(4),E/S,2,1801-579,B1-1F,2번 출입구
585,4,삼각지(4),E/S,3,1801-580,1F-B1,5번 출입구
586,4,삼각지(4),E/S,4,1801-581,B1-1F,5번 출입구
587,4,신용산,E/S,1,1800-495,1F-B1,5번 출입구
588,4,신용산,E/S,2,1800-496,B1-1F,5번 출입구
589,4,신용산,E/S,3,1810-471,B1-1F,3번 출입구
590,4,신용산,E/S,4,1810-472,B1-1F,4번 출입구
591,4,신용산,E/S,5,1810-473,1F-B1,4번 출입구
592,4,신용산,E/S,6,1813-883,B1-1F,1번 출입구
593,4,신용산,E/S,7,1813-884,1F-B1,1번 출입구
594,4,신용산,E/S,8,1813-881,B1-1F,1번 출입구
595,4,신용산,E/S,9,1813-882,1F-B1,1번 출입구
596,4,이촌(4),E/S,1,1808-989,1F-B1,1번 출입구
597,4,이촌(4),E/S,2,1808-990,B1-1F,1번 출입구
598,4,이촌(4),E/S,3,1801-719,1F-B1,2번 출입구
599,4,이촌(4),E/S,4,1801-720,B1-1F,2번 출입구
600,4,총신대입구(4),E/S,1,1807-714,1F-B1,14번 출입구
601,4,총신대입구(4),E/S,2,1807-713,B1-1F,14번 출입구
602,4,총신대입구(4),E/S,3,1810-310,1F-B1,1번 출입구
603,4,총신대입구(4),E/S,4,1810-309,B1-1F,1번 출입구
604,4,사당(4),E/S,1,1804-715,B2-B3,남태령 방면1-1
605,4,사당(4),E/S,2,1808-282,1F-B1,4번 출입구
606,4,사당(4),E/S,3,1808-281,B1-1F,4번 출입구
607,4,사당(4),E/S,4,1804-713,1F-B1,9번 출입구
608,4,사당(4),E/S,5,1804-714,B1-1F,9번 출입구
609,4,사당(4),E/S,6,1807-301,1F-B1,3번 출입구
610,4,사당(4),E/S,7,1808-283,B1-1F,3번 출입구
611,4,남태령,E/S,1,1802-113,B2-B3,선바위 방면3-2
612,4,남태령,E/S,2,1802-114,B3-B2,사당 방면8-3
613,5,방화,E/S,1,1814-795,B1-BM,"1,2번 출입구 사이"
614,5,방화,E/S,2,1814-796,BM-B1,"1,2번 출입구 사이"
615,5,방화,E/S,3,1814-793,BM-1F,1번 출입구
616,5,방화,E/S,4,1814-794,1F-BM,1번 출입구
617,5,방화,E/S,5,1814-791,BM-1F,2번 출입구
618,5,방화,E/S,6,1814-792,1F-BM,2번 출입구
619,5,김포공항,E/S,1,1808-085,B2-B3,개화산 방면3-4
620,5,김포공항,E/S,2,1808-086,B3-B2,개화산 방면3-4
621,5,김포공항,E/S,3,1808-087,B2-B3,송정 방면3-4
622,5,김포공항,E/S,4,1808-088,B3-B2,송정 방면3-4
623,5,김포공항,E/S,5,1808-089,B3-B2,개화산 방면5-4
624,5,김포공항,E/S,6,1808-090,B2-B3,개화산 방면5-4
625,5,김포공항,E/S,7,1808-091,B3-B2,송정 방면5-4
626,5,김포공항,E/S,8,1808-092,B2-B3,송정 방면5-4
627,5,송정,E/S,1,1808-093,B2-B1,대합실(화장실 측)
628,5,송정,E/S,2,1808-094,B1-B2,대합실(화장실 측)
629,5,송정,E/S,3,1808-095,1F-B1,4번 출입구
630,5,송정,E/S,4,1808-096,B1-1F,4번 출입구
631,5,마곡,E/S,1,1807-781,B1-1F,1번 출입구
632,5,마곡,E/S,2,1807-782,1F-B1,1번 출입구
633,5,마곡,E/S,3,1807-783,B1-1F,7번 출입구
634,5,마곡,E/S,4,1807-784,1F-B1,7번 출입구
635,5,마곡,E/S,5,1807-785,B1-1F,6번 출입구
636,5,마곡,E/S,6,1807-786,1F-B1,6번 출입구
637,5,마곡,E/S,7,1814-757,B1-1F,3번 출입구
638,5,마곡,E/S,8,1814-758,1F-B1,3번 출입구
639,5,마곡,E/S,9,1814-759,B1-1F,4번 출입구
640,5,마곡,E/S,10,1814-760,1F-B1,4번 출입구
641,5,마곡,E/S,11,1814-761,B1-1F,5번 출입구
642,5,마곡,E/S,12,1814-762,1F-B1,5번 출입구
643,5,우장산,E/S,1,1808-083,B1-1F,1번 출입구
644,5,우장산,E/S,2,1808-084,B1-1F,2번 출입구
645,5,우장산,E/S,3,1807-191,B1-1F,3번 출입구
646,5,우장산,E/S,4,1807-192,1F-B1,3번 출입구
647,5,화곡,E/S,1,1810-191,B2-B1,"3,4번 출입구 사이"
648,5,화곡,E/S,2,1810-192,B1-B2,"3,4번 출입구 사이"
649,5,화곡,E/S,3,1810-193,B1-1F,3번 출입구
650,5,화곡,E/S,4,1810-194,1F-B1,3번 출입구
651,5,까치산,E/S,1,1807-670,B1-B5,화곡 방면2-3
652,5,까치산,E/S,2,1807-671,B5-B1,화곡 방면2-3
653,5,까치산,E/S,3,1808-073,B1-B5,신정 방면7-2
654,5,까치산,E/S,4,1808-074,B5-B1,신정 방면7-2
655,5,까치산,E/S,5,1807-711,B5-B1,화곡 방면7-3
656,5,까치산,E/S,6,1807-712,B1-B5,화곡 방면7-3
657,5,까치산,E/S,7,1808-077,B5-B1,신정 방면2-2
658,5,까치산,E/S,8,1808-078,B1-B5,신정 방면2-2
659,5,까치산,E/S,9,1808-079,B1-1F,1번 출입구
660,5,까치산,E/S,10,1808-080,1F-B1,1번 출입구
661,5,까치산,E/S,11,1804-466,1F-B1,3번 출입구
662,5,까치산,E/S,12,1804-467,B1-1F,3번 출입구
663,5,신정,E/S,1,1811-085,B3-B2,까치산 방면1-1
664,5,신정,E/S,2,1811-086,B2-B3,까치산 방면1-1
665,5,신정,E/S,3,1811-087,B3-B2,목동 방면8-4
666,5,신정,E/S,4,1811-088,B2-B3,목동 방면8-4
667,5,신정,E/S,5,1808-065,B2-B1,"대합실(1,4,5번 출입구방면)"
668,5,신정,E/S,6,1808-066,B1-B2,"대합실(1,4,5번 출입구방면)"
669,5,신정,E/S,7,1808-069,B1-BM,1번 출입구
670,5,신정,E/S,8,1808-070,BM-B1,1번 출입구
671,5,신정,E/S,9,1808-067,1F-BM,1번 출입구
672,5,신정,E/S,10,1808-068,BM-1F,1번 출입구
673,5,목동,E/S,1,1804-711,B1-1F,1번 출입구
674,5,목동,E/S,2,1804-712,1F-B1,1번 출입구
675,5,목동,E/S,3,1814-777,1F-B1,3번 출입구
676,5,목동,E/S,4,1814-778,B1-1F,3번 출입구
677,5,오목교,E/S,1,1808-058,B1-BM,3번 출입구
678,5,오목교,E/S,2,1808-059,B1-BM,1번 출입구
679,5,오목교,E/S,3,1808-060,B1-BM,5번 출입구
680,5,오목교,E/S,4,1804-416,B1-B2,"대합실(1,3번 출입구방면 통로)"
681,5,오목교,E/S,5,1804-417,B2-B1,"대합실(1,3번 출입구방면 통로)"
682,5,오목교,E/S,6,1804-418,B1-BM,1번 출입구
683,5,오목교,E/S,7,1809-956,B3-B2,목동 방면6-3
684,5,오목교,E/S,8,1809-957,B2-B3,목동 방면6-3
685,5,오목교,E/S,9,1809-958,B3-B2,양평 방면3-2
686,5,오목교,E/S,10,1809-959,B2-B3,양평 방면3-2
687,5,양평,E/S,1,1808-097,B1-B3,고객안전실 측(지하1층)
688,5,양평,E/S,2,1808-098,B1-B3,고객안전실 측(지하1층)
689,5,양평,E/S,3,1808-099,B3-B1,고객안전실 측(지하1층)
690,5,양평,E/S,4,1808-100,B3-B1,고객안전실 측(지하1층)
691,5,양평,E/S,5,1804-419,BM-1F,2번 출입구
692,5,양평,E/S,6,1804-420,1F-BM,2번 출입구
693,5,양평,E/S,7,1812-613,B4-B3,"대합실(E/L 1,2호기 앞)"
694,5,양평,E/S,8,1812-614,B3-B4,"대합실(E/L 1,2호기 앞)"
695,5,영등포구청,E/S,1,1808-371,B1-B3,대합실
696,5,영등포구청,E/S,2,1808-372,B1-B3,대합실
697,5,영등포구청,E/S,3,1808-373,B3-B1,대합실
698,5,영등포구청,E/S,4,1808-374,B3-B1,대합실
699,5,영등포구청,E/S,5,1804-456,B1-B4,환승통로(2호선)
700,5,영등포구청,E/S,6,1804-457,B4-B1,환승통로(2호선)
701,5,영등포구청,E/S,7,1804-458,B4-B1,환승통로(2호선)
702,5,영등포구청,E/S,8,1808-284,B4-B5,양평 방면7-2
703,5,영등포구청,E/S,9,1808-285,B5-B4,양평 방면7-2
704,5,영등포구청,E/S,10,1808-375,B5-B4,영등포시장 방면2-3
705,5,영등포구청,E/S,11,1808-376,1F-B1,7번 출입구
706,5,영등포구청,E/S,12,1808-377,B1-1F,7번 출입구
707,5,영등포구청,E/S,13,1812-609,B4-B3,7번 출입구(중간계단)
708,5,영등포구청,E/S,14,1812-610,B3-B4,7번 출입구(중간계단)
709,5,영등포시장,E/S,1,1804-459,B3-B5,대합실
710,5,영등포시장,E/S,2,1804-460,B5-B3,대합실
711,5,영등포시장,E/S,3,1809-955,B2-B1,대합실
712,5,영등포시장,E/S,4,1809-954,B1-B2,대합실
713,5,영등포시장,E/S,5,1809-960,B2-B3,대합실
714,5,영등포시장,E/S,6,1809-961,B3-B2,대합실
715,5,영등포시장,E/S,7,1814-607,B1-1F,2번 출입구
716,5,영등포시장,E/S,8,1814-608,1F-B1,2번 출입구
717,5,신길,E/S,1,1804-421,B1-1F,3번 출입구
718,5,신길,E/S,2,1804-422,1F-B1,3번 출입구
719,5,신길,E/S,3,1804-423,B1-B3,환승통로(1호선)
720,5,신길,E/S,4,1804-424,B1-B3,환승통로(1호선)
721,5,신길,E/S,5,1804-425,B3-B1,환승통로(1호선)
722,5,신길,E/S,6,1804-426,B3-B1,환승통로(1호선)
723,5,신길,E/S,7,1804-427,B3-B4,영등포시장 방면7-3
724,5,신길,E/S,8,1804-428,B4-B3,영등포시장 방면7-3
725,5,신길,E/S,9,1804-429,B4-B3,여의도 방면2-2
726,5,여의도,E/S,1,1804-452,B1-B3,대합실
727,5,여의도,E/S,2,1804-453,B3-B1,대합실
728,5,여의도,E/S,3,1804-454,B3-B1,대합실
729,5,여의도,E/S,4,1804-455,B1-B3,대합실
730,5,여의나루,E/S,1,1808-383,B4-B2,대합실
731,5,여의나루,E/S,2,1808-384,B4-B2,대합실
732,5,여의나루,E/S,3,1808-385,B2-B4,대합실
733,5,여의나루,E/S,4,1808-386,B2-B4,대합실
734,5,여의나루,E/S,5,1808-379,B2-B1,대합실
735,5,여의나루,E/S,6,1808-378,B1-B2,대합실
736,5,여의나루,E/S,7,1808-380,B1-BM,대합실
737,5,여의나루,E/S,8,1808-381,B1-BM,대합실
738,5,여의나루,E/S,9,1808-382,BM-B1,대합실
739,5,여의나루,E/S,10,1808-296,1F-BM,4번 출입구
740,5,여의나루,E/S,11,1808-297,BM-B1,4번 출입구
741,5,마포,E/S,1,1808-186,B3-B1,대합실
742,5,마포,E/S,2,1808-187,B1-B3,대합실
743,5,마포,E/S,3,1800-849,B3-B1,대합실
744,5,마포,E/S,4,1800-850,B1-B3,대합실
745,5,마포,E/S,5,1800-568,1F-B1,2번 출입구
746,5,마포,E/S,6,1800-569,B1-1F,2번 출입구
747,5,마포,E/S,7,1801-001,B3-B4,대합실
748,5,마포,E/S,8,1801-002,B4-B3,대합실
749,5,마포,E/S,9,1800-848,B1-1F,3번 출입구
750,5,마포,E/S,10,1800-847,1F-B1,3번 출입구
751,5,공덕,E/S,1,1808-903,B3-B2,환승통로(6호선)
752,5,공덕,E/S,2,1808-904,B2-B3,환승통로(6호선)
753,5,공덕,E/S,3,1808-905,B3-B2,"마포 방면1-1, 애오개 방면8-4"
754,5,공덕,E/S,4,1808-906,B2-B3,"마포 방면1-1, 애오개 방면8-4"
755,5,공덕,E/S,5,1800-482,B2-B1,대합실
756,5,공덕,E/S,6,1800-483,B1-B2,대합실
757,5,공덕,E/S,7,1808-907,B1-B2,대합실
758,5,공덕,E/S,8,1808-908,B2-B1,대합실
759,5,공덕,E/S,9,1808-909,1F-B1,4번 출입구
760,5,공덕,E/S,10,1808-910,B1-1F,4번 출입구
761,5,공덕,E/S,11,1808-911,B1-BM,대합실
762,5,애오개,E/S,1,1800-593,B3-B1,대합실
763,5,애오개,E/S,2,1800-594,B1-B3,대합실
764,5,애오개,E/S,3,1810-123,B3-B1,대합실
765,5,애오개,E/S,4,1810-124,B1-B3,대합실
766,5,애오개,E/S,5,1808-126,BM-1F,4번 출입구
767,5,애오개,E/S,6,1808-127,1F-BM,4번 출입구
768,5,충정로(5),E/S,1,1800-576,B4-B2,대합실
769,5,충정로(5),E/S,2,1800-577,B4-B2,대합실
770,5,충정로(5),E/S,3,1800-578,B2-B4,대합실
771,5,충정로(5),E/S,4,1800-579,B2-B4,대합실
772,5,서대문,E/S,1,1800-347,B1-B3,아이센터 측(지하1층)
773,5,서대문,E/S,2,1800-348,B3-B1,아이센터 측(지하1층)
774,5,서대문,E/S,3,1800-349,B3-B1,아이센터 측(지하1층)
775,5,서대문,E/S,4,1800-350,B1-B3,아이센터 측(지하1층)
776,5,서대문,E/S,5,1801-032,BM-1F,6번 출입구
777,5,서대문,E/S,6,1801-033,1F-BM,6번 출입구
778,5,서대문,E/S,7,1800-484,1F-B1,5번 출입구
779,5,서대문,E/S,8,1800-485,B1-1F,5번 출입구
780,5,서대문,E/S,9,1810-574,B1-1F,4번 출입구
781,5,서대문,E/S,10,1810-573,1F-B1,4번 출입구
782,5,광화문,E/S,1,1800-311,B3-B2,"서대문 방면1-1, 종로3가 방면8-4"
783,5,광화문,E/S,2,1800-312,B2-B3,"서대문 방면1-1, 종로3가 방면8-4"
784,5,광화문,E/S,3,1800-313,B2-B1,대합실(광장 측)
785,5,광화문,E/S,4,1800-314,B1-B2,대합실(광장 측)
786,5,종로3가(5),E/S,1,1800-008,B5-B3,"광화문 방면1-1, 을지로4가 방면8-4"
787,5,종로3가(5),E/S,2,1800-009,B3-B5,"광화문 방면1-1, 을지로4가 방면8-4"
788,5,종로3가(5),E/S,3,1800-010,B3-B1,"대합실(4,5번 출입구 사이)"
789,5,종로3가(5),E/S,4,1800-011,B1-B3,"대합실(4,5번 출입구 사이)"
790,5,종로3가(5),E/S,5,1800-012,B3-B4,"환승통로(1,3호선)"
791,5,종로3가(5),E/S,6,1800-013,B3-B4,"환승통로(1,3호선)"
792,5,종로3가(5),E/S,7,1800-014,B4-B3,"환승통로(1,3호선)"
793,5,종로3가(5),E/S,8,1800-017,B4-B3,"환승통로(1,3호선)"
794,5,종로3가(5),E/S,9,1800-015,1F-B1,4번 출입구
795,5,종로3가(5),E/S,10,1800-016,B1-1F,4번 출입구
796,5,을지로4가,E/S,1,1800-744,B2-B4,대합실(아이센터 측)
797,5,을지로4가,E/S,2,1800-743,B4-B2,대합실(아이센터 측)
798,5,을지로4가,E/S,3,1800-746,B2-B4,환승통로(시청방면)
799,5,을지로4가,E/S,4,1800-745,B4-B2,환승통로(시청방면)
800,5,을지로4가,E/S,5,1800-747,B3-B5,환승통로(잠실방면)
801,5,을지로4가,E/S,6,1800-748,B5-B3,환승통로(잠실방면)
802,5,을지로4가,E/S,7,1800-466,B1-B2,대합실(아이센터 측)
803,5,을지로4가,E/S,8,1800-467,B2-B1,대합실(아이센터 측)
804,5,을지로4가,E/S,9,1800-468,B3-B2,환승통로(2호선 잠실 방면4-3)
805,5,을지로4가,E/S,10,1809-477,BM-1F,4번 출입구
806,5,을지로4가,E/S,11,1809-478,1F-BM,4번 출입구
807,5,동대문역사문화공원(5),E/S,1,1808-962,B4-B2,"대합실(6,7번 출입구 사이)"
808,5,동대문역사문화공원(5),E/S,2,1808-963,B2-B4,"대합실(6,7번 출입구 사이)"
809,5,동대문역사문화공원(5),E/S,3,1808-964,B2-BM4,"환승통로(2,4호선)"
810,5,동대문역사문화공원(5),E/S,4,1808-965,BM4-B2,"환승통로(2,4호선)"
811,5,동대문역사문화공원(5),E/S,5,1808-966,BM4-B2,"환승통로(2,4호선)"
812,5,신금호,E/S,1,1808-967,B8-B5,"행당 방면3-4, 청구 방면5-3"
813,5,신금호,E/S,2,1808-968,B5-B8,"행당 방면3-4, 청구 방면5-3"
814,5,신금호,E/S,3,1808-969,B5-B2,"대합실(1,2호기 위)"
815,5,신금호,E/S,4,1808-970,B2-B5,"대합실(1,2호기 위)"
816,5,신금호,E/S,5,1809-945,B2-B1,고객안전실 측(지하2층)
817,5,신금호,E/S,6,1809-946,B1-B2,고객안전실 측(지하2층)
818,5,신금호,E/S,7,1812-438,B1-1F,1번 출입구
819,5,신금호,E/S,8,1812-439,1F-B1,1번 출입구
820,5,신금호,E/S,9,1812-440,B1-1F,2번 출입구
821,5,신금호,E/S,10,1812-441,1F-B1,2번 출입구
822,5,신금호,E/S,11,1812-507,B1-1F,4번 출입구
823,5,신금호,E/S,12,1812-508,1F-B1,4번 출입구
824,5,행당,E/S,1,1808-971,B3-B1,대합실
825,5,행당,E/S,2,1808-972,B1-B3,대합실
826,5,행당,E/S,3,1809-471,B1-1F,1번 출입구
827,5,행당,E/S,4,1809-472,1F-B1,1번 출입구
828,5,행당,E/S,5,1808-973,BM4-B3,대합실
829,5,행당,E/S,6,1808-974,B3-BM4,대합실
830,5,행당,E/S,7,1809-473,B1-1F,4번 출입구
831,5,행당,E/S,8,1809-474,1F-B1,4번 출입구
832,5,왕십리,E/S,1,1800-560,B2-B4,지하철경찰대 측(지하4층)
833,5,왕십리,E/S,2,1800-561,B2-B4,지하철경찰대 측(지하4층)
834,5,왕십리,E/S,3,1800-562,B4-B2,지하철경찰대 측(지하4층)
835,5,왕십리,E/S,4,1800-563,B4-B2,지하철경찰대 측(지하4층)
836,5,왕십리,E/S,5,1800-564,B4-B2,환승통로(2호선 시청방면)
837,5,왕십리,E/S,6,1800-565,B4-B2,환승통로(2호선 시청방면)
838,5,왕십리,E/S,7,1800-566,B2-B4,환승통로(2호선 잠실방면)
839,5,왕십리,E/S,8,1800-567,B4-B2,환승통로(2호선 잠실방면)
840,5,마장,E/S,1,1800-689,BM-1F,4번 출입구
841,5,마장,E/S,2,1800-690,1F-BM,4번 출입구
842,5,마장,E/S,3,1800-877,BM2-B1,대합실
843,5,마장,E/S,4,1800-878,B1-BM2,대합실
844,5,답십리,E/S,1,1800-469,B1-1F,1번 출입구
845,5,답십리,E/S,2,1800-476,1F-B1,1번 출입구
846,5,답십리,E/S,3,1809-476,1F-BM,5번 출입구
847,5,답십리,E/S,4,1809-475,BM-1F,5번 출입구
848,5,장한평,E/S,1,1803-265,B1-B2,대합실
849,5,장한평,E/S,2,1803-266,B2-B1,대합실
850,5,장한평,E/S,3,1809-107,1F-BM,3번 출입구
851,5,장한평,E/S,4,1809-106,BM-1F,3번 출입구
852,5,군자(5),E/S,1,1802-499,BM-1F,5번 출입구
853,5,군자(5),E/S,2,1802-500,1F-BM,5번 출입구
854,5,군자(5),E/S,3,1808-589,BM-1F,4번 출입구
855,5,군자(5),E/S,4,1808-590,1F-BM,4번 출입구
856,5,군자(5),E/S,5,1811-760,B1-1F,1번 출입구
857,5,군자(5),E/S,6,1811-761,1F-B1,1번 출입구
858,5,군자(5),E/S,7,1811-831,B1-1F,8번 출입구
859,5,군자(5),E/S,8,1811-832,1F-B1,8번 출입구
860,5,아차산,E/S,1,1803-348,B1-1F,1번 출입구
861,5,아차산,E/S,2,1803-349,1F-B1,1번 출입구
862,5,아차산,E/S,3,1809-087,BM2-B1,대합실
863,5,아차산,E/S,4,1809-088,B1-BM2,대합실
864,5,아차산,E/S,5,1809-085,B1-1F,3번 출입구
865,5,아차산,E/S,6,1809-086,1F-B1,3번 출입구
866,5,아차산,E/S,7,1811-617,B1-1F,2번 출입구
867,5,아차산,E/S,8,1811-618,1F-B1,2번 출입구
868,5,광나루,E/S,1,1809-100,1F-BM,4번 출입구
869,5,광나루,E/S,2,1809-099,BM-1F,4번 출입구
870,5,광나루,E/S,3,1800-903,1F-B1,3번 출입구
871,5,광나루,E/S,4,1800-904,B1-1F,3번 출입구
872,5,천호(5),E/S,1,1802-885,B1-B2,대합실
873,5,천호(5),E/S,2,1802-886,B2-B1,대합실
874,5,천호(5),E/S,3,1802-887,1F-BM,2번 출입구
875,5,천호(5),E/S,4,1802-888,BM-1F,2번 출입구
876,5,천호(5),E/S,5,1802-889,1F-B1,7번 출입구
877,5,천호(5),E/S,6,1802-890,B1-1F,7번 출입구
878,5,천호(5),E/S,7,1802-891,1F-B1,8번 출입구
879,5,천호(5),E/S,8,1802-892,B1-1F,8번 출입구
880,5,천호(5),E/S,9,1805-218,1F-BM,9번 출입구
881,5,천호(5),E/S,10,1805-219,BM-1F,9번 출입구
882,5,천호(5),E/S,11,1805-653,BM-1F,5번 출입구
883,5,천호(5),E/S,12,1805-654,1F-BM,5번 출입구
884,5,천호(5),E/S,13,1807-909,BM-1F,10번 출입구
885,5,천호(5),E/S,14,1807-910,1F-BM,10번 출입구
886,5,천호(5),E/S,15,1810-789,B1-1F,6번 출입구
887,5,천호(5),E/S,16,1810-790,1F-B1,6번 출입구
888,5,강동,E/S,1,1802-833,B1-B3,"대합실(B3, 아이센터 앞)"
889,5,강동,E/S,2,1802-834,B3-B1,"대합실(B3, 아이센터 앞)"
890,5,강동,E/S,3,1805-630,B3-B1,"대합실(B3, 개찰구 앞)"
891,5,강동,E/S,4,1802-835,B1-B3,"대합실(B3, 개찰구 앞)"
892,5,강동,E/S,5,1802-523,B3-B4,천호 방면8-4
893,5,강동,E/S,6,1802-524,B4-B3,천호 방면8-4
894,5,강동,E/S,7,1802-525,B3-B4,둔촌동 방면1-1
895,5,강동,E/S,8,1802-526,B4-B3,둔촌동 방면1-1
896,5,강동,E/S,11,1805-633,B1-1F,4번 출입구
897,5,강동,E/S,12,1805-634,1F-B1,4번 출입구
898,5,길동,E/S,1,1808-893,BM2-B1,"대합실(2,3번 출입구)"
899,5,길동,E/S,2,1808-894,B1-BM2,"대합실(2,3번 출입구)"
900,5,길동,E/S,3,1808-895,B1-BM,1번 출입구
901,5,굽은다리,E/S,1,1801-838,1F-B1,1번 출입구
902,5,굽은다리,E/S,2,1801-839,B1-1F,1번 출입구
903,5,굽은다리,E/S,3,1805-658,B1-1F,4번 출입구
904,5,굽은다리,E/S,4,1805-659,1F-B1,4번 출입구
905,5,명일,E/S,1,1802-528,B1-1F,4번 출입구
906,5,명일,E/S,2,1802-529,1F-B1,4번 출입구
907,5,고덕,E/S,1,1805-657,1F-B1,4번 출입구
908,5,고덕,E/S,2,1803-009,B1-1F,4번 출입구
909,5,고덕,E/S,3,1811-567,B1-BM,"대합실(1,2번 출입구 사이)"
910,5,고덕,E/S,4,1811-568,BM-B1,"대합실(1,2번 출입구 사이)"
911,5,고덕,E/S,5,1811-569,M1-1F,1번 출입구
912,5,고덕,E/S,6,1811-570,1F-M1,1번 출입구
913,5,상일동,E/S,3,1810-791,B1-1F,1번 출입구
914,5,상일동,E/S,4,1810-792,1F-B1,1번 출입구
915,5,상일동,E/S,5,1810-787,B1-1F,2번 출입구
916,5,상일동,E/S,6,1810-788,1F-B1,2번 출입구
917,5,상일동,E/S,7,1810-797,B1-1F,3번 출입구
918,5,상일동,E/S,8,1810-798,1F-B1,3번 출입구
919,5,상일동,E/S,9,1810-795,B1-1F,4번 출입구
920,5,상일동,E/S,10,1810-796,1F-B1,4번 출입구
921,5,상일동,E/S,11,1811-737,B1-1F,5번 출입구
922,5,상일동,E/S,12,1811-738,1F-B1,5번 출입구
923,5,상일동,E/S,13,1811-739,B1-1F,6번 출입구
924,5,상일동,E/S,14,1811-740,1F-B1,6번 출입구
925,5,상일동,E/S,15,1811-723,B1-1F,7번 출입구
926,5,상일동,E/S,16,1811-724,1F-B1,7번 출입구
927,5,상일동,E/S,17,1811-725,B1-1F,8번 출입구
928,5,상일동,E/S,18,1811-726,1F-B1,8번 출입구
929,5,둔촌동,E/S,1,1801-842,B1-BM,1번 출입구
930,5,둔촌동,E/S,2,1801-843,BM-B1,2번 출입구
931,5,둔촌동,E/S,3,1801-844,B1-BM,3번 출입구
932,5,둔촌동,E/S,4,1801-845,B1-BM,4번 출입구
933,5,올림픽공원,E/S,1,1809-917,B3-B2,둔촌동 방면6-1
934,5,올림픽공원,E/S,2,1809-920,B2-B3,둔촌동 방면6-1
935,5,올림픽공원,E/S,3,1811-199,B3-B2,방이 방면3-4
936,5,올림픽공원,E/S,4,1811-200,B2-B3,방이 방면3-4
937,5,방이,E/S,1,1808-714,B1-1F,4번 출입구
938,5,방이,E/S,2,1808-715,1F-B1,4번 출입구
939,5,오금(5),E/S,1,1801-959,BM-B1," 3,4번 출입구"
940,5,오금(5),E/S,2,1801-960,B1-BM," 3,4번 출입구"
941,5,오금(5),E/S,3,1801-961,B1-BM,5번 출입구
942,5,오금(5),E/S,4,1805-669,B3-B2,환승통로(방화방면 승강장)
943,5,오금(5),E/S,5,1805-670,B2-B3,환승통로(방화방면 승강장)
944,5,오금(5),E/S,6,1805-671,B3-B2,환승통로(마천방면 승강장)
945,5,오금(5),E/S,7,1805-672,B2-B3,환승통로(마천방면 승강장)
946,5,개롱,E/S,1,1805-655,1F-B1,3번 출입구
947,5,개롱,E/S,2,1805-656,B1-1F,3번 출입구
948,5,거여,E/S,1,1801-962,B1-BM,2번 출입구
949,5,거여,E/S,2,1801-963,B1-BM,"대합실(5,6번 출입구방면)"
950,5,거여,E/S,3,1811-847,B2-B4,6번 출입구
951,5,마천,E/S,1,1801-971,B4-B2,거여 방면3-1
952,5,마천,E/S,2,1801-972,B2-B4,거여 방면3-1
953,5,마천,E/S,3,1801-973,B4-B2,마천 방면6-4
954,5,마천,E/S,4,1801-974,B2-B4,마천 방면6-4
955,5,마천,E/S,5,1801-975,1F-B1,1번 출입구
956,5,마천,E/S,6,1801-976,B1-1F,1번 출입구
957,5,마천,E/S,7,1805-635,B1-BM2,대합실(2번 출입구방면)
958,5,마천,E/S,8,1805-636,BM2-B1,대합실(2번 출입구방면)
959,5,마천,E/S,9,1805-637,1F-B1,2번 출입구
960,5,마천,E/S,10,1805-638,B1-1F,2번 출입구
961,5(연),강일,E/S,1,1811-741,B3-B2,상일동 방면2-3
962,5(연),강일,E/S,2,1811-742,B2-B3,상일동 방면2-3
963,5(연),강일,E/S,3,1811-743,B3-B2,미사 방면7-2
964,5(연),강일,E/S,4,1811-744,B2-B3,미사 방면7-2
965,5(연),강일,E/S,5,1811-745,B3-B2,상일동 방면7-2
966,5(연),강일,E/S,6,1811-746,B2-B3,상일동 방면7-2
967,5(연),강일,E/S,7,1811-747,B3-B2,미사 방면2-3
968,5(연),강일,E/S,8,1811-748,B2-B3,미사 방면2-3
969,5(연),강일,E/S,9,1811-749,B1-1F,1번 출입구
970,5(연),강일,E/S,10,1811-750,1F-B1,1번 출입구
971,5(연),강일,E/S,11,1811-829,B1-1F,2번 출입구
972,5(연),강일,E/S,12,1811-830,1F-B1,2번 출입구
973,5(연),강일,E/S,13,1811-751,B1-1F,3번 출입구
974,5(연),강일,E/S,14,1811-752,1F-B1,3번 출입구
975,5(연),강일,E/S,15,1811-753,B1-1F,4번 출입구
976,5(연),강일,E/S,16,1811-754,1F-B1,4번 출입구
977,5(연),미사,E/S,1,3813-238,B1-B2,강일 방면3-4
978,5(연),미사,E/S,2,3813-237,B2-B1,하남풍산 방면6-1
979,5(연),미사,E/S,3,3813-242,B1-B2,강일 방면6-1
980,5(연),미사,E/S,4,3813-241,B2-B1,강일 방면6-1
981,5(연),미사,E/S,5,3813-240,B2-B1,하남풍산 방면3-4
982,5(연),미사,E/S,6,3813-239,B1-B2,하남풍산 방면3-4
983,5(연),미사,E/S,7,3811-800,B1-1F,1번 출입구
984,5(연),미사,E/S,8,3811-799,1F-B1,1번 출입구
985,5(연),미사,E/S,9,3811-804,B1-1F,2번 출입구
986,5(연),미사,E/S,10,3811-803,1F-B1,2번 출입구
987,5(연),미사,E/S,11,3811-794,B1-1F,4번 출입구
988,5(연),미사,E/S,12,3811-793,1F-B1,4번 출입구
989,5(연),미사,E/S,13,3811-789,B1-1F,5번 출입구
990,5(연),미사,E/S,14,3811-790,1F-B1,5번 출입구
991,5(연),미사,E/S,15,3811-792,B1-1F,6번 출입구
992,5(연),미사,E/S,16,3811-791,1F-B1,6번 출입구
993,5(연),미사,E/S,17,3811-802,B1-1F,7번 출입구
994,5(연),미사,E/S,18,3811-801,1F-B1,7번 출입구
995,5(연),미사,E/S,19,3811-796,B1-1F,9번 출입구
996,5(연),미사,E/S,20,3811-795,1F-B1,9번 출입구
997,5(연),미사,E/S,21,3811-798,B1-1F,10번 출입구
998,5(연),미사,E/S,22,3811-797,1F-B1,10번 출입구
999,5(연),하남풍산,E/S,1,3813-248,B2-B1,미사 방면3-3
1000,5(연),하남풍산,E/S,2,3813-249,B1-B2,미사 방면3-3
1001,5(연),하남풍산,E/S,3,3813-254,B2-B1,하남시청 방면6-2
1002,5(연),하남풍산,E/S,4,3813-255,B1-B2,하남시청 방면6-2
1003,5(연),하남풍산,E/S,5,3813-250,B2-B1,미사 방면6-1
1004,5(연),하남풍산,E/S,6,3813-251,B1-B2,미사 방면6-1
1005,5(연),하남풍산,E/S,7,3813-252,B2-B1,하남시청 방면3-4
1006,5(연),하남풍산,E/S,8,3813-253,B1-B2,하남시청 방면3-4
1007,5(연),하남풍산,E/S,9,3811-757,B1-1F,1번 출입구
1008,5(연),하남풍산,E/S,10,3811-758,1F-B1,1번 출입구
1009,5(연),하남풍산,E/S,12,3811-759,B1-1F,2번 출입구
1010,5(연),하남풍산,E/S,11,3811-760,1F-B1,2번 출입구
1011,5(연),하남풍산,E/S,13,3811-761,B1-1F,3번 출입구
1012,5(연),하남풍산,E/S,14,3811-762,1F-B1,3번 출입구
1013,5(연),하남풍산,E/S,15,3811-763,B1-1F,4번 출입구
1014,5(연),하남풍산,E/S,16,3811-764,1F-B1,4번 출입구
1015,5(연),하남풍산,E/S,17,3811-765,B1-1F,5번 출입구
1016,5(연),하남풍산,E/S,18,3811-766,1F-B1,5번 출입구
1017,5(연),하남풍산,E/S,19,3811-767,B1-1F,6번 출입구
1018,5(연),하남풍산,E/S,20,3811-768,1F-B1,6번 출입구
1019,5(연),하남풍산,E/S,21,3811-769,B1-1F,7번 출입구
1020,5(연),하남풍산,E/S,22,3811-770,1F-B1,7번 출입구
1021,5(연),하남풍산,E/S,23,3811-771,B1-1F,8번 출입구
1022,5(연),하남풍산,E/S,24,3811-772,1F-B1,8번 출입구
1023,5(연),하남시청,E/S,1,3811-949,B2-B1,하남풍산 방면3-3
1024,5(연),하남시청,E/S,2,3811-950,B1-B2,하남풍산 방면3-3
1025,5(연),하남시청,E/S,3,3811-951,B2-B1,하남검단산 방면6-2
1026,5(연),하남시청,E/S,4,3811-952,B1-B2,하남검단산 방면6-2
1027,5(연),하남시청,E/S,5,3811-955,B2-B1,하남풍산 방면6-2
1028,5(연),하남시청,E/S,6,3811-956,B1-B2,하남풍산 방면6-2
1029,5(연),하남시청,E/S,7,3811-953,B2-B1,하남검단산 방면3-3
1030,5(연),하남시청,E/S,8,3811-954,B1-B2,하남검단산 방면3-3
1031,5(연),하남시청,E/S,9,3811-947,B1-BM,대합실
1032,5(연),하남시청,E/S,10,3811-948,BM-B1,대합실
1033,5(연),하남시청,E/S,11,3811-945,B1-BM,대합실
1034,5(연),하남시청,E/S,12,3811-946,BM-B1,대합실
1035,5(연),하남시청,E/S,13,3811-986,BM-M,"대합실(1,2번 출입구)"
1036,5(연),하남시청,E/S,14,3811-985,M-BM,"대합실(1,2번 출입구)"
1037,5(연),하남시청,E/S,15,3811-984,M-1F,1번 출입구
1038,5(연),하남시청,E/S,16,3811-983,1F-M,1번 출입구
1039,5(연),하남시청,E/S,17,3811-975,M-1F,2번 출입구
1040,5(연),하남시청,E/S,18,3811-982,1F-M,2번 출입구
1041,5(연),하남시청,E/S,19,3811-939,BM-1F,3번 출입구
1042,5(연),하남시청,E/S,20,3811-940,1F-BM,3번 출입구
1043,5(연),하남시청,E/S,21,3811-941,B1-1F,4번 출입구
1044,5(연),하남시청,E/S,22,3811-942,1F-B1,4번 출입구
1045,5(연),하남시청,E/S,23,3811-943,B1-1F,5번 출입구
1046,5(연),하남시청,E/S,24,3811-944,1F-B1,5번 출입구
1047,5(연),하남시청,E/S,25,3811-937,B1-M,대합실(6번 출입구)
1048,5(연),하남시청,E/S,26,3811-938,M-B1,대합실(6번 출입구)
1049,5(연),하남시청,E/S,27,3811-935,M-1F,6번 출입구
1050,5(연),하남시청,E/S,28,3811-936,1F-M,6번 출입구
1051,5(연),하남검단산,E/S,1,3811-859,B3-B2,하남시청 방면2-4
1052,5(연),하남검단산,E/S,2,3811-860,B2-B3,하남시청 방면2-4
1053,5(연),하남검단산,E/S,3,3811-861,B3-B2,하남검단산 방면7-1
1054,5(연),하남검단산,E/S,4,3811-862,B2-B3,하남검단산 방면7-1
1055,5(연),하남검단산,E/S,5,3811-863,B3-B2,하남시청 방면6-2
1056,5(연),하남검단산,E/S,6,3811-864,B2-B3,하남시청 방면6-2
1057,5(연),하남검단산,E/S,7,3811-865,B3-B2,하남검단산 방면3-3
1058,5(연),하남검단산,E/S,8,3811-866,B2-B3,하남검단산 방면3-3
1059,5(연),하남검단산,E/S,9,3811-867,B2-B1,"대합실(1,2,4번 출입구방면)"
1060,5(연),하남검단산,E/S,10,3811-868,B1-B2,"대합실(1,2,4번 출입구방면)"
1061,5(연),하남검단산,E/S,11,3811-869,B2-B1,대합실(3번 출입구방면)
1062,5(연),하남검단산,E/S,12,3811-870,B1-B2,대합실(3번 출입구방면)
1063,5(연),하남검단산,E/S,13,3811-871,B2-1F,1번 출입구
1064,5(연),하남검단산,E/S,14,3811-872,1F-B2,1번 출입구
1065,5(연),하남검단산,E/S,15,3811-875,B2-1F,2번 출입구
1066,5(연),하남검단산,E/S,16,3811-876,1F-B2,2번 출입구
1067,5(연),하남검단산,E/S,17,3811-877,B2-1F,3번 출입구
1068,5(연),하남검단산,E/S,18,3811-878,1F-B2,3번 출입구
1069,5(연),하남검단산,E/S,19,3811-873,B2-1F,4번 출입구
1070,5(연),하남검단산,E/S,20,3811-874,1F-B2,4번 출입구
1071,6,응암,E/S,1,1808-105,B2-B1,대합실
1072,6,응암,E/S,2,1808-106,B1-B2,대합실
1073,6,응암,E/S,3,1809-469,B1-1F,2번 출입구
1074,6,응암,E/S,4,1809-470,1F-B1,2번 출입구
1075,6,역촌,E/S,1,1800-574,B4-B1,불광 방면4-1
1076,6,역촌,E/S,2,1800-575,B1-B4,불광 방면4-1
1077,6,역촌,E/S,3,1808-101,B1-1F,4번 출입구
1078,6,역촌,E/S,4,1808-102,1F-B1,4번 출입구
1079,6,역촌,E/S,5,1808-103,1F-B1,2번 출입구
1080,6,역촌,E/S,6,1808-104,B1-1F,2번 출입구
1081,6,불광(6),E/S,1,1800-983,B2-B4,독바위 방면7-2
1082,6,불광(6),E/S,2,1800-984,B4-B2,독바위 방면7-2
1083,6,불광(6),E/S,3,1800-985,B4-B2,독바위 방면2-2
1084,6,불광(6),E/S,4,1800-986,B2-B4,독바위 방면2-2
1085,6,불광(6),E/S,5,1800-987,B2(6호선)-B2(3호선),환승통로
1086,6,불광(6),E/S,6,1800-988,B2(3호선)-B2(6호선),환승통로
1087,6,불광(6),E/S,7,1800-989,B2(6호선)-B2(3호선),환승통로
1088,6,불광(6),E/S,8,1800-990,B2(3호선)-B2(6호선),환승통로
1089,6,불광(6),E/S,9,1800-991,BM-B1,대합실
1090,6,불광(6),E/S,10,1800-992,B1-BM,대합실
1091,6,불광(6),E/S,11,1800-993,B1-BM,대합실
1092,6,불광(6),E/S,12,1800-994,BM-B1,대합실
1093,6,독바위,E/S,1,1800-836,B5-B6,연신내 방면3-2
1094,6,독바위,E/S,2,1800-837,B6-B5,연신내 방면3-2
1095,6,독바위,E/S,3,1800-838,B5-B3,대합실
1096,6,독바위,E/S,4,1800-839,B3-B5,대합실
1097,6,독바위,E/S,5,1800-840,B1-B3,대합실
1098,6,독바위,E/S,6,1800-841,B3-B1,대합실
1099,6,독바위,E/S,7,1800-842,B1-BM,1번 출입구
1100,6,독바위,E/S,8,1800-843,BM-1F,1번 출입구
1101,6,연신내(6),E/S,1,1800-598,B5-B3,구산 방면6-1
1102,6,연신내(6),E/S,2,1800-599,B5-B3,구산 방면6-1
1103,6,연신내(6),E/S,3,1800-600,B3-B5,구산 방면6-1
1104,6,연신내(6),E/S,4,1800-595,B1-B3,대합실
1105,6,연신내(6),E/S,5,1800-596,B1-B3,대합실
1106,6,연신내(6),E/S,6,1800-597,B3-B1,대합실
1107,6,구산,E/S,1,1800-591,B4-B1,응암 방면5-4
1108,6,구산,E/S,2,1800-592,B1-B4,응암 방면5-4
1109,6,새절,E/S,1,1809-467,B2-B1,응암 방면3-3
1110,6,새절,E/S,2,1809-468,B1-B2,응암 방면3-3
1111,6,새절,E/S,3,1809-465,B2-B1,증산 방면3-4
1112,6,새절,E/S,4,1809-466,B1-B2,증산 방면3-4
1113,6,증산,E/S,1,1800-397,B1-BM,1번 출입구
1114,6,증산,E/S,2,1800-398,B1-BM,4번 출입구
1115,6,증산,E/S,3,1809-463,B2-B1,새절 방면3-4
1116,6,증산,E/S,4,1809-464,B1-B2,새절 방면3-4
1117,6,증산,E/S,5,1809-461,B2-B1,디지털미디어시티 방면3-3
1118,6,증산,E/S,6,1809-462,B1-B2,디지털미디어시티 방면3-3
1119,6,디지털미디어시티(6),E/S,1,1808-915,B2-B1,증산 방면1-1
1120,6,디지털미디어시티(6),E/S,2,1808-916,B2-B1,월드컵경기장 방면8-4
1121,6,디지털미디어시티(6),E/S,3,1808-917,B2-B1,월드컵경기장 방면8-4
1122,6,디지털미디어시티(6),E/S,4,1808-918,B2-B1,월드컵경기장 방면1-1
1123,6,디지털미디어시티(6),E/S,5,1808-919,B1-1F,4번 출입구
1124,6,디지털미디어시티(6),E/S,6,1808-920,1F-B1,4번 출입구
1125,6,디지털미디어시티(6),E/S,7,1808-921,1F-B1,2번 출입구
1126,6,디지털미디어시티(6),E/S,8,1808-922,B1-1F,2번 출입구
1127,6,월드컵경기장,E/S,1,1800-851,B1-1F,3번 출입구
1128,6,월드컵경기장,E/S,2,1800-852,B1-1F,3번 출입구
1129,6,월드컵경기장,E/S,3,1800-853,1F-B1,3번 출입구
1130,6,월드컵경기장,E/S,4,1800-854,1F-B1,3번 출입구
1131,6,월드컵경기장,E/S,5,1800-855,1F-B1,2번 출입구
1132,6,월드컵경기장,E/S,6,1800-856,1F-B1,2번 출입구
1133,6,월드컵경기장,E/S,7,1800-857,B1-1F,2번 출입구
1134,6,월드컵경기장,E/S,8,1800-858,B1-1F,2번 출입구
1135,6,월드컵경기장,E/S,9,1800-584,1F-B1,1번 출입구
1136,6,월드컵경기장,E/S,10,1800-768,1F-B1,1번 출입구
1137,6,월드컵경기장,E/S,11,1800-769,B1-1F,1번 출입구
1138,6,월드컵경기장,E/S,12,1800-800,B1-1F,1번 출입구
1139,6,마포구청,E/S,1,1800-867,1F-B1,1번 출입구
1140,6,마포구청,E/S,2,1800-868,B1-1F,1번 출입구
1141,6,마포구청,E/S,3,1800-846,1F-B1,8번 출입구
1142,6,마포구청,E/S,4,1800-869,1F-B1,3번 출입구
1143,6,마포구청,E/S,5,1800-870,B1-1F,3번 출입구
1144,6,마포구청,E/S,6,1800-871,1F-B1,4번 출입구
1145,6,마포구청,E/S,7,1800-872,B1-1F,4번 출입구
1146,6,마포구청,E/S,8,1800-875,1F-BM,5번 출입구
1147,6,마포구청,E/S,9,1800-876,BM-1F,5번 출입구
1148,6,마포구청,E/S,10,1800-873,BM-B1,"6,7번 출입구 사이"
1149,6,마포구청,E/S,11,1800-874,B1-BM,"6,7번 출입구 사이"
1150,6,마포구청,E/S,12,1810-496,B1-1F,8번 출입구
1151,6,망원,E/S,1,1800-899,B1-BM,2번 출입구
1152,6,망원,E/S,2,1800-900,B1-BM,1번 출입구
1153,6,합정(6),E/S,1,1808-923,B3-B2,망원 방면3-3
1154,6,합정(6),E/S,2,1808-924,B2-B3,상수 방면6-1
1155,6,합정(6),E/S,3,1808-925,B3-B2,상수 방면6-1
1156,6,합정(6),E/S,4,1808-926,B1-B2,환승통로
1157,6,합정(6),E/S,5,1808-927,B2-B1,환승통로
1158,6,합정(6),E/S,6,1808-928,B1-B2,환승통로
1159,6,합정(6),E/S,7,1808-929,B2-B1,환승통로
1160,6,합정(6),E/S,8,1808-930,B2-B1,대합실
1161,6,합정(6),E/S,9,1808-931,B1-B2,대합실
1162,6,합정(6),E/S,10,1808-932,B1-1F,5번 출입구
1163,6,합정(6),E/S,15,1810-127,1F-B1,8번 출입구
1164,6,합정(6),E/S,16,1810-128,B1-1F,8번 출입구
1165,6,상수,E/S,1,1808-933,B2-B3,"합정 방면3-3, 광흥창 방면6-1"
1166,6,상수,E/S,2,1808-934,B3-B2,"합정 방면3-3, 광흥창 방면6-1"
1167,6,상수,E/S,3,1808-937,B1-B2,대합실
1168,6,상수,E/S,4,1808-938,B2-B1,대합실
1169,6,상수,E/S,5,1808-935,BM-B1,"1,2번 출입구"
1170,6,상수,E/S,6,1808-936,B1-BM,"1,2번 출입구"
1171,6,상수,E/S,7,1808-939,BM-B1," 3,4번 출입구"
1172,6,상수,E/S,8,1808-940,B1-BM," 3,4번 출입구"
1173,6,상수,E/S,9,1808-941,1F-BM,3번 출입구
1174,6,상수,E/S,10,1808-942,BM-1F,3번 출입구
1175,6,광흥창,E/S,1,1808-943,B3-B2,"상수 방면1-1, 대흥 방면8-4"
1176,6,광흥창,E/S,2,1808-944,B3-B2,"상수 방면8-4, 대흥 방면1-1"
1177,6,광흥창,E/S,3,1808-945,B2-B1,대합실
1178,6,광흥창,E/S,4,1808-946,B2-B1,대합실
1179,6,광흥창,E/S,5,1808-185,B1-BM,2번 출입구
1180,6,광흥창,E/S,6,1808-947,B1-BM,6번 출입구
1181,6,광흥창,E/S,7,1808-948,B1-BM,3번 출입구
1182,6,광흥창,E/S,8,1808-174,BM-1F,2번 출입구
1183,6,광흥창,E/S,9,1808-175,1F-BM,2번 출입구
1184,6,대흥,E/S,1,1800-999,B2-B1,대합실
1185,6,대흥,E/S,2,1801-000,B1-B2,대합실
1186,6,대흥,E/S,3,1800-997,B1-BM,2번 출입구
1187,6,대흥,E/S,4,1800-998,B1-BM,4번 출입구
1188,6,대흥,E/S,5,1813-891,B1-1F,1번 출입구
1189,6,대흥,E/S,6,1813-892,1F-B1,1번 출입구
1190,6,공덕(6),E/S,1,1800-995,1F-B1,7번 출입구
1191,6,공덕(6),E/S,2,1800-996,B1-1F,7번 출입구
1192,6,공덕(6),E/S,3,1810-055,B3-B2,환승통로(응암방면 승강장)
1193,6,공덕(6),E/S,4,1810-056,B2-B3,환승통로(응암방면 승강장)
1194,6,공덕(6),E/S,5,1808-568,B3-B2,환승통로(신내방면 승강장)
1195,6,공덕(6),E/S,6,1809-238,B2-B3,환승통로(신내방면 승강장)
1196,6,효창공원앞(6),E/S,1,1800-376,B2-B1,대합실
1197,6,효창공원앞(6),E/S,2,1800-377,B1-B2,대합실
1198,6,효창공원앞(6),E/S,3,1800-378,B1-1F,6번 출입구
1199,6,효창공원앞(6),E/S,4,1800-379,1F-B1,6번 출입구
1200,6,효창공원앞(6),E/S,5,1810-728,B3-B2,"공덕 방면6-4, 삼각지 방면3-1"
1201,6,효창공원앞(6),E/S,6,1810-727,B2-B3,"공덕 방면6-4, 삼각지 방면3-1"
1202,6,삼각지(6),E/S,1,1800-698,B1-B3,대합실
1203,6,삼각지(6),E/S,2,1800-699,B3-B1,대합실
1204,6,삼각지(6),E/S,3,1800-700,B3-B1,대합실
1205,6,삼각지(6),E/S,4,1800-701,B1-B3,대합실
1206,6,녹사평,E/S,1,1800-380,B4-B5,"삼각지 방면3-3, 이태원 방면6-2"
1207,6,녹사평,E/S,2,1800-381,B5-B4,"삼각지 방면3-3, 이태원 방면6-2"
1208,6,녹사평,E/S,3,1800-382,B5-B4,"삼각지 방면5-4, 이태원 방면4-1"
1209,6,녹사평,E/S,4,1800-383,B4-B5,"삼각지 방면5-4, 이태원 방면4-1"
1210,6,녹사평,E/S,5,1800-384,B2-B4,대합실
1211,6,녹사평,E/S,6,1800-385,B4-B2,대합실
1212,6,녹사평,E/S,7,1800-386,B4-B2,대합실
1213,6,녹사평,E/S,8,1800-387,B1-B2,대합실
1214,6,녹사평,E/S,9,1800-388,B2-B1,대합실
1215,6,녹사평,E/S,10,1800-389,1F-B1,2번 출입구
1216,6,녹사평,E/S,11,1800-390,B1-1F,2번 출입구
1217,6,녹사평,E/S,12,1800-391,1F-B1,3번 출입구
1218,6,녹사평,E/S,13,1800-392,B1-1F,3번 출입구
1219,6,이태원,E/S,1,1800-844,B4-B1,대합실
1220,6,이태원,E/S,2,1800-845,B1-B4,대합실
1221,6,이태원,E/S,3,1809-499,B1-BM,대합실
1222,6,이태원,E/S,4,1809-500,BM-B1,대합실
1223,6,한강진,E/S,1,1808-191,B3-B1,대합실
1224,6,한강진,E/S,2,1808-192,B1-B3,대합실
1225,6,한강진,E/S,3,1810-744,BM-1F,2번 출입구
1226,6,한강진,E/S,4,1810-743,1F-BM,2번 출입구
1227,6,버티고개,E/S,1,1812-510,B1-B2,대합실
1228,6,버티고개,E/S,2,1812-500,B2-B1,대합실
1229,6,버티고개,E/S,3,1808-199,B1-1F,3번 출입구
1230,6,버티고개,E/S,4,1808-200,1F-B1,3번 출입구
1231,6,약수(6),E/S,1,1809-212,B2-B3,환승통로
1232,6,약수(6),E/S,2,1800-582,B3-B2,환승통로
1233,6,약수(6),E/S,3,1800-583,B2-B3,환승통로
1234,6,약수(6),E/S,4,1809-213,B3-B2,환승통로
1235,6,약수(6),E/S,5,1809-214,B1-BM,"7,8번 출입구"
1236,6,약수(6),E/S,6,1809-215,BM-B1,"7,8번 출입구"
1237,6,약수(6),E/S,7,1809-209,B2-B1,환승통로
1238,6,약수(6),E/S,8,1809-210,B1-B2,환승통로
1239,6,약수(6),E/S,9,1809-211,B1-BM,6번 출입구
1240,6,약수(6),E/S,10,1801-048,BM-1F,7번 출입구
1241,6,약수(6),E/S,11,1808-526,1F-BM,7번 출입구
1242,6,청구(6),E/S,1,1800-859,B3-B2,환승통로
1243,6,청구(6),E/S,2,1800-860,B2-B3,환승통로
1244,6,청구(6),E/S,3,1800-861,B3-B2,환승통로
1245,6,청구(6),E/S,4,1800-862,B2-B3,환승통로
1246,6,청구(6),E/S,5,1800-863,B1-BM,1번 출입구
1247,6,청구(6),E/S,6,1800-864,BM-B1,1번 출입구
1248,6,청구(6),E/S,7,1800-865,BM-B1,3번 출입구
1249,6,청구(6),E/S,8,1800-866,B1-BM,3번 출입구
1250,6,청구(6),E/S,9,1810-109,BM-1F,1번 출입구
1251,6,청구(6),E/S,10,1810-110,1F-BM,1번 출입구
1252,6,신당(6),E/S,1,1808-979,B3-B2,환승통로
1253,6,신당(6),E/S,2,1808-980,B2-B3,환승통로
1254,6,신당(6),E/S,3,1808-975,B1-B3,"청구 방면2-2, 동묘앞 방면7-3"
1255,6,신당(6),E/S,4,1808-976,B3-B1,"청구 방면2-2, 동묘앞 방면7-3"
1256,6,신당(6),E/S,5,1808-977,B3-B1,"청구 방면6-1, 동묘앞 방면3-4"
1257,6,신당(6),E/S,6,1808-978,B1-B3,"청구 방면6-1, 동묘앞 방면3-4"
1258,6,신당(6),E/S,7,1808-981,1F-B1,10번 출입구
1259,6,신당(6),E/S,8,1808-982,B1-1F,10번 출입구
1260,6,신당(6),E/S,9,1800-683,B2-B1,환승통로
1261,6,신당(6),E/S,10,1800-684,B1-B2,환승통로
1262,6,신당(6),E/S,11,1800-685,B1-B2,환승통로
1263,6,신당(6),E/S,12,1800-686,B2-B1,환승통로
1264,6,신당(6),E/S,13,1800-687,B1-B2,환승통로
1265,6,신당(6),E/S,14,1800-688,B2-B1,환승통로
1266,6,동묘앞(6),E/S,1,1800-068,B2-B3,"신당 방면7-3, 창신 방면2-2"
1267,6,동묘앞(6),E/S,2,1800-067,B3-B2,"신당 방면7-3, 창신 방면2-2"
1268,6,동묘앞(6),E/S,3,1800-070,B2-B3,대합실
1269,6,동묘앞(6),E/S,4,1800-069,B3-B2,대합실
1270,6,동묘앞(6),E/S,5,1800-074,B1-B2,대합실
1271,6,동묘앞(6),E/S,6,1800-075,B2-B1,대합실
1272,6,동묘앞(6),E/S,7,1800-071,B2-B1,대합실
1273,6,동묘앞(6),E/S,8,1800-066,B1-BM,7번 출입구
1274,6,동묘앞(6),E/S,9,1800-073,1F-BM,8번 출입구
1275,6,동묘앞(6),E/S,10,1800-072,BM-1F,8번 출입구
1276,6,동묘앞(6),E/S,11,1810-051,B3-B2,"신당 방면2-3, 창신 방면7-2"
1277,6,동묘앞(6),E/S,12,1810-052,B2-B3,"신당 방면2-3, 창신 방면7-2"
1278,6,창신,E/S,1,1800-051,B3-B1,대합실
1279,6,창신,E/S,2,1800-052,B1-B3,대합실
1280,6,창신,E/S,3,1800-065,B1-BM,2번 출입구
1281,6,보문(6),E/S,1,1809-118,B2-B1,대합실
1282,6,보문(6),E/S,2,1809-119,B1-B2,대합실
1283,6,안암,E/S,3,1809-116,B1-BM,1번 출입구
1284,6,안암,E/S,4,1809-117,BM-B1,1번 출입구
1285,6,안암,E/S,1,1809-114,B1-BM,4번 출입구
1286,6,안암,E/S,2,1809-115,BM-B1,4번 출입구
1287,6,안암,E/S,5,1803-147,B2-B1,대합실
1288,6,안암,E/S,6,1803-148,B1-B2,대합실
1289,6,고려대,E/S,1,1809-108,B1-B2,"대합실(B1, 아이센터 앞)"
1290,6,고려대,E/S,2,1809-109,B2-B1,"대합실(B1, 화장실 측)"
1291,6,고려대,E/S,3,1809-110,B1-BM,1번 출입구방면(B1)
1292,6,고려대,E/S,4,1809-111,BM-B1,1번 출입구방면(B1)
1293,6,고려대,E/S,5,1809-112,B1-1F,6번 출입구
1294,6,고려대,E/S,6,1809-113,1F-B1,6번 출입구
1295,6,고려대,E/S,7,1803-396,B1-1F,4번 출입구
1296,6,고려대,E/S,8,1803-397,1F-B1,4번 출입구
1297,6,고려대,E/S,9,1810-503,B4-B3,안암 방면3-4
1298,6,고려대,E/S,10,1810-504,B3-B4,안암 방면3-4
1299,6,고려대,E/S,11,1810-501,B4-B3,월곡 방면6-1
1300,6,고려대,E/S,12,1810-502,B3-B4,월곡 방면6-1
1301,6,월곡,E/S,1,1803-403,B1-BM,1번 출입구방면(B1)
1302,6,월곡,E/S,2,1809-103,B1-BM,4번 출입구방면(B1)
1303,6,월곡,E/S,3,1809-104,1F-BM,2번 출입구
1304,6,월곡,E/S,4,1809-105,BM-1F,2번 출입구
1305,6,월곡,E/S,5,1803-404,1F-BM,3번 출입구
1306,6,월곡,E/S,6,1803-405,BM-1F,3번 출입구
1307,6,월곡,E/S,7,1810-505,B3-B2,고려대 방면3-4
1308,6,월곡,E/S,8,1810-506,B2-B3,고려대 방면3-4
1309,6,월곡,E/S,9,1803-149,B3-B2,상월곡 방면3-3
1310,6,월곡,E/S,10,1803-150,B2-B3,상월곡 방면3-3
1311,6,월곡,E/S,11,1803-042,BM-1F,1번 출입구
1312,6,월곡,E/S,12,1803-043,1F-BM,1번 출입구
1313,6,상월곡,E/S,1,1803-401,B2-B1,"대합실(B2, 화장실 측)"
1314,6,상월곡,E/S,2,1803-402,B1-B2,"대합실(B2, 화장실 측)"
1315,6,상월곡,E/S,3,1803-398,B2-1F,2번 출입구방면(B1)
1316,6,상월곡,E/S,4,1803-399,B2-1F,3번 출입구방면(B1)
1317,6,상월곡,E/S,5,1809-740,M1-1F,2번 출입구
1318,6,상월곡,E/S,6,1809-741,1F-M1,2번 출입구
1319,6,돌곶이,E/S,1,1802-487,B1-BM,1번 출입구방면(B1)
1320,6,돌곶이,E/S,2,1809-101,B1-1F,8번 출입구
1321,6,돌곶이,E/S,3,1809-102,1F-B1,8번 출입구
1322,6,돌곶이,E/S,4,1802-488,B1-BM,5번 출입구방면(B1)
1323,6,석계(6),E/S,1,1803-422,B3-B2,돌곶이 방면1-1
1324,6,석계(6),E/S,2,1803-423,B3-B2,태릉입구 방면8-4
1325,6,석계(6),E/S,3,1803-424,B3-B2,돌곶이 방면6-3
1326,6,석계(6),E/S,4,1803-425,B3-B2,태릉입구 방면3-2
1327,6,석계(6),E/S,5,1803-418,B2-B1,7번 출입구 방면(B2)
1328,6,석계(6),E/S,6,1803-419,B1-BM,3번 출입구방면
1329,6,석계(6),E/S,7,1803-420,1F-B1,4번 출입구
1330,6,석계(6),E/S,8,1803-421,B1-1F,4번 출입구
1331,6,석계(6),E/S,9,1803-414,B1-B2,"1호선 환승통로(B2, M/W 앞)"
1332,6,석계(6),E/S,10,1803-415,B2-B1,"1호선 환승통로(B2, M/W 앞)"
1333,6,석계(6),E/S,11,1803-416,2F-B1,"1호선 환승통로(B2, 승강장방면)"
1334,6,석계(6),E/S,12,1803-417,B1-2F,"1호선 환승통로(B2, 승강장방면)"
1335,6,석계(6),E/S,13,1803-376,1F-B1,2번 출입구
1336,6,석계(6),E/S,14,1803-375,B1-1F,2번 출입구
1337,6,태릉입구(6),E/S,1,1803-406,B3-B4,환승통로(7호선 공릉 방면8-4)
1338,6,태릉입구(6),E/S,2,1803-407,B4-B3,환승통로(7호선 공릉 방면8-4)
1339,6,태릉입구(6),E/S,3,1803-408,B3-B4,환승통로(7호선 먹골 방면1-1)
1340,6,태릉입구(6),E/S,4,1803-409,B4-B3,환승통로(7호선 먹골 방면1-1)
1341,6,태릉입구(6),E/S,5,1803-410,B3-B2,환승통로(6호선 석계 방면8-4)
1342,6,태릉입구(6),E/S,6,1803-411,B2-B3,환승통로(6호선 석계 방면8-4)
1343,6,태릉입구(6),E/S,7,1803-412,B3-B2,환승통로(6호선 화랑대 방면1-1)
1344,6,태릉입구(6),E/S,8,1803-413,B2-B3,환승통로(6호선 화랑대 방면1-1)
1345,6,태릉입구(6),E/S,10,1802-498,1F-B1,7번 출입구
1346,6,태릉입구(6),E/S,11,1802-497,B1-1F,7번 출입구
1347,6,태릉입구(6),E/S,12,1810-167,B1-BM,"대합실(B1, 6번 출입구방면)"
1348,6,태릉입구(6),E/S,13,1810-168,BM-B1,"대합실(B1, 6번 출입구방면)"
1349,6,태릉입구(6),E/S,14,1810-169,BM-1F,6번 출입구
1350,6,태릉입구(6),E/S,15,1810-170,1F-BM,6번 출입구
1351,6,화랑대,E/S,1,1802-481,1F-B1,3번 출입구
1352,6,화랑대,E/S,2,1802-482,B1-1F,3번 출입구
1353,6,화랑대,E/S,3,1802-483,1F-B1,7번 출입구
1354,6,화랑대,E/S,4,1802-484,B1-1F,7번 출입구
1355,6,봉화산,E/S,1,1803-351,B1-B2,화랑대 방면8-4
1356,6,봉화산,E/S,2,1803-352,B2-B1,신내 방면1-1
1357,6,봉화산,E/S,3,1809-120,1F-B1,3번 출입구
1358,6,봉화산,E/S,4,1809-121,B1-1F,3번 출입구
1359,6,신내,E/S,1,1812-436,1F-2F,"신내, 봉화산 방면7-4"
1360,6,신내,E/S,2,1812-437,2F-1F,"신내, 봉화산 방면7-4"
1361,7,수락산,E/S,1,1806-701,1F-B1,3번 출입구
1362,7,수락산,E/S,2,1806-702,B1-1F,3번 출입구
1363,7,수락산,E/S,3,1803-091,B1-1F,1번 출입구
1364,7,수락산,E/S,4,1803-092,B1-1F,6번 출입구
1365,7,수락산,E/S,5,1810-577,B1-1F,4번 출입구
1366,7,수락산,E/S,6,1810-578,1F-B1,4번 출입구
1367,7,마들,E/S,1,1803-093,B1-B2,"대합실(B2, 화장실 측)"
1368,7,마들,E/S,2,1803-094,B2-B1,"대합실(B2, 화장실 측)"
1369,7,마들,E/S,3,1806-815,B1-1F,3번 출입구
1370,7,마들,E/S,4,1806-816,1F-B1,3번 출입구
1371,7,마들,E/S,5,1806-824,B1-1F,6번 출입구
1372,7,마들,E/S,6,1806-823,1F-B1,6번 출입구
1373,7,마들,E/S,7,1810-567,B1-B2,개집표기 앞(B2)
1374,7,마들,E/S,8,1810-568,B2-B1,개집표기 앞(B2)
1375,7,노원(7),E/S,1,1806-611,B2-B1,"마들 방면1-1, 중계 방면8-4"
1376,7,노원(7),E/S,2,1806-612,B1-B2,"마들 방면1-1, 중계 방면8-4"
1377,7,노원(7),E/S,3,1806-613,B2-B1,"마들 방면1-1, 중계 방면8-4"
1378,7,노원(7),E/S,4,1806-609,B1-BM,"환승통로(B1, 4호선 방면)"
1379,7,노원(7),E/S,5,1806-610,BM-B1,"환승통로(B1, 4호선 방면)"
1380,7,노원(7),E/S,6,1806-698,FM1-BM1,환승통로(4호선 방면)
1381,7,노원(7),E/S,7,1806-699,FM1-BM1,환승통로(4호선 방면)
1382,7,노원(7),E/S,8,1806-614,BM1-FM1,환승통로(4호선 방면)
1383,7,노원(7),E/S,9,1806-615,BM1-FM1,환승통로(4호선 방면)
1384,7,노원(7),E/S,10,1803-095,B1-1F,3번 출입구
1385,7,노원(7),E/S,11,1803-096,1F-B1,3번 출입구
1386,7,노원(7),E/S,12,1803-151,1F-B1,6번 출입구
1387,7,노원(7),E/S,13,1803-152,B1-1F,6번 출입구
1388,7,노원(7),E/S,14,1806-817,B1-1F,8번 출입구
1389,7,노원(7),E/S,15,1806-818,1F-B1,8번 출입구
1390,7,중계,E/S,1,1803-029,B1-1F,1번 출입구
1391,7,중계,E/S,2,1803-030,1F-B1,1번 출입구
1392,7,중계,E/S,3,1803-032,1F-B1,3번 출입구
1393,7,중계,E/S,4,1803-031,B1-1F,3번 출입구
1394,7,중계,E/S,5,1810-511,B2-B3,"노원 방면3-4, 하계 방면6-1"
1395,7,중계,E/S,6,1810-512,B3-B2,"노원 방면3-4, 하계 방면6-1"
1396,7,중계,E/S,7,1810-513,1F-B1,4번 출입구
1397,7,중계,E/S,8,1810-514,B1-1F,4번 출입구
1398,7,중계,E/S,9,1810-598,B1-1F,6번 출입구
1399,7,중계,E/S,10,1810-599,1F-B1,6번 출입구
1400,7,하계,E/S,1,1803-098,B1-1F,2번 출입구
1401,7,하계,E/S,2,1803-097,1F-B1,2번 출입구
1402,7,하계,E/S,3,1803-153,1F-B1,4번 출입구
1403,7,하계,E/S,4,1803-154,B1-1F,4번 출입구
1404,7,하계,E/S,5,1810-541,B1-1F,3번 출입구
1405,7,하계,E/S,6,1810-542,1F-B1,3번 출입구
1406,7,공릉,E/S,1,1806-700,B4-B2,하계 방면7-3
1407,7,공릉,E/S,2,1806-713,B3-B4,태릉입구 방면2-2
1408,7,공릉,E/S,3,1806-714,B3-B1,대합실
1409,7,공릉,E/S,4,1806-715,B1-B3,대합실
1410,7,공릉,E/S,5,1806-841,1F-B1,4번 출입구
1411,7,공릉,E/S,6,1806-840,B1-1F,4번 출입구
1412,7,공릉,E/S,7,1813-731,B1-1F,1번 출입구
1413,7,공릉,E/S,8,1813-732,B1-1F,1번 출입구
1414,7,태릉입구(7),E/S,1,1806-730,B1-B3,대합실(B3)
1415,7,태릉입구(7),E/S,2,1806-731,B3-B1,대합실(B3)
1416,7,태릉입구(7),E/S,3,1806-732,B1-B3,대합실(B3)
1417,7,태릉입구(7),E/S,4,1806-733,B3-B1,대합실(B3)
1418,7,태릉입구(7),E/S,5,1815-413,B1-B3,대합실(B3)
1419,7,태릉입구(7),E/S,6,1815-414,B3-B1,대합실(B3)
1420,7,태릉입구(7),E/S,7,1810-579,B1-1F,4번 출입구
1421,7,태릉입구(7),E/S,8,1810-580,1F-B1,4번 출입구
1422,7,먹골,E/S,1,1803-157,1F-B1,2번 출입구
1423,7,먹골,E/S,2,1803-158,B1-1F,2번 출입구
1424,7,먹골,E/S,3,1806-821,B1-1F,7번 출입구
1425,7,먹골,E/S,4,1806-822,1F-B1,7번 출입구
1426,7,먹골,E/S,5,1810-830,B1-1F,5번 출입구
1427,7,먹골,E/S,6,1810-831,1F-B1,5번 출입구
1428,7,중화,E/S,1,1800-934,B3-B2,먹골 방면3-3
1429,7,중화,E/S,2,1800-935,B2-B3,먹골 방면3-3
1430,7,중화,E/S,3,1800-936,B3-B2,상봉 방면6-1
1431,7,중화,E/S,4,1800-937,B2-B3,상봉 방면6-1
1432,7,중화,E/S,5,1800-939,1F-B1,3번 출입구
1433,7,중화,E/S,6,1800-940,B1-1F,3번 출입구
1434,7,상봉(7),E/S,1,1806-835,1F-B1,1번 출입구
1435,7,상봉(7),E/S,2,1806-834,B1-1F,1번 출입구
1436,7,상봉(7),E/S,3,1806-837,1F-B1,2번 출입구
1437,7,상봉(7),E/S,4,1806-836,B1-1F,2번 출입구
1438,7,상봉(7),E/S,5,1806-839,1F-B1,3번 출입구
1439,7,상봉(7),E/S,6,1806-838,B1-1F,3번 출입구
1440,7,면목,E/S,1,1806-601,B1-B3,대합실
1441,7,면목,E/S,2,1806-602,B3-B1,대합실
1442,7,면목,E/S,3,1806-819,B1-1F,3번 출입구
1443,7,면목,E/S,4,1806-820,1F-B1,3번 출입구
1444,7,면목,E/S,5,1803-089,1F-B1,2번 출입구
1445,7,면목,E/S,6,1803-090,B1-1F,2번 출입구
1446,7,사가정,E/S,1,1806-603,B1-B3,대합실
1447,7,사가정,E/S,2,1806-604,B3-B1,대합실
1448,7,사가정,E/S,3,1806-703,1F-B1,1번 출입구
1449,7,사가정,E/S,4,1806-704,B1-1F,1번 출입구
1450,7,사가정,E/S,5,1806-605,1F-B1,3번 출입구
1451,7,사가정,E/S,6,1806-606,B1-1F,3번 출입구
1452,7,사가정,E/S,7,1806-607,1F-B1,4번 출입구
1453,7,사가정,E/S,8,1806-608,B1-1F,4번 출입구
1454,7,사가정,E/S,9,1803-176,B1-1F,2번 출입구
1455,7,사가정,E/S,10,1803-177 ,1F-B1,2번 출입구
1456,7,용마산,E/S,1,1806-734,B1-B3,대합실
1457,7,용마산,E/S,2,1806-735,B3-B1,대합실
1458,7,용마산,E/S,3,1803-155,1F-B1,대합실
1459,7,용마산,E/S,4,1803-156,B1-1F,대합실
1460,7,용마산,E/S,5,1809-929,B1-1F,1번 출입구
1461,7,용마산,E/S,6,1809-930,1F-B1,1번 출입구
1462,7,용마산,E/S,7,1803-178 ,B1-1F,3번 출입구
1463,7,용마산,E/S,8,1803-179 ,1F-B1,3번 출입구
1464,7,중곡,E/S,1,1806-034,B1-1F,4번 출입구
1465,7,중곡,E/S,2,1806-035,1F-B1,4번 출입구
1466,7,중곡,E/S,3,1811-766,B1-1F,2번 출입구
1467,7,중곡,E/S,4,1811-767,1F-B1,2번 출입구
1468,7,군자(7),E/S,1,1811-684,B2-B3,대합실
1469,7,군자(7),E/S,2,1811-683,B3-B2,대합실
1470,7,군자(7),E/S,3,1811-686,B2-B3,대합실
1471,7,군자(7),E/S,4,1811-685,B3-B2,대합실
1472,7,군자(7),E/S,5,1811-681,B2-B1,대합실
1473,7,군자(7),E/S,6,1811-682,B1-B2,대합실
1474,7,어린이대공원,E/S,1,1801-751,B1-1F,5번 출입구
1475,7,어린이대공원,E/S,2,1801-752,1F-B1,5번 출입구
1476,7,어린이대공원,E/S,3,1806-036,B1-1F,3번 출입구
1477,7,어린이대공원,E/S,4,1806-037,1F-B1,3번 출입구
1478,7,어린이대공원,E/S,5,1811-531,B1-1F,1번 출입구
1479,7,어린이대공원,E/S,6,1811-532,1F-B1,1번 출입구
1480,7,건대입구(7),E/S,1,1801-691,B3-1F,"대합실(B3, 2호선 환승통로)"
1481,7,건대입구(7),E/S,2,1801-692,1F-B3,"대합실(B3, 2호선 환승통로)"
1482,7,건대입구(7),E/S,3,1805-897,1F-2F,"2호선 환승통로(E/S #1,2 상부)"
1483,7,건대입구(7),E/S,4,1805-840,2F-1F,"2호선 환승통로(E/S #1,2 상부)"
1484,7,건대입구(7),E/S,5,1801-693,B2-2F,환승통로(뚝섬유원지 방면1-1)
1485,7,건대입구(7),E/S,6,1801-694,2F-B2,환승통로(뚝섬유원지 방면1-1)
1486,7,건대입구(7),E/S,7,1801-472,B2-B1,어린이대공원 방면6-4
1487,7,건대입구(7),E/S,8,1805-838,B2-B1,"대합실(B2, 3번 출입구방면)"
1488,7,건대입구(7),E/S,9,1805-839,B1-B2,"대합실(B2, 3번 출입구방면)"
1489,7,건대입구(7),E/S,10,1805-837,1F-B1,3번 출입구
1490,7,건대입구(7),E/S,11,1805-836,B1-1F,3번 출입구
1491,7,뚝섬유원지,E/S,1,1801-591,2F-1F,1번 출입구
1492,7,뚝섬유원지,E/S,2,1801-592,1F-2F,1번 출입구
1493,7,뚝섬유원지,E/S,3,1801-593,2F-1F,4번 출입구
1494,7,뚝섬유원지,E/S,4,1801-594,1F-2F,4번 출입구
1495,7,청담,E/S,1,1802-717,B1-B3,"4,5,10,11번 출입구방면 통로"
1496,7,청담,E/S,2,1802-718,B3-B1,"4,5,10,11번 출입구방면 통로"
1497,7,청담,E/S,3,1802-719,B1-1F,4번 출입구
1498,7,청담,E/S,4,1802-720,1F-B1,4번 출입구
1499,7,청담,E/S,5,1805-792,1F-B1,10번 출입구
1500,7,청담,E/S,6,1805-793,B1-1F,10번 출입구
1501,7,청담,E/S,7,1802-875,1F-B3,1번 출입구
1502,7,청담,E/S,8,1802-876,B3-1F,1번 출입구
1503,7,청담,E/S,9,1802-877,1F-B3,2번 출입구
1504,7,청담,E/S,10,1802-878,B3-1F,2번 출입구
1505,7,청담,E/S,11,1802-879,1F-B3,6번 출입구
1506,7,청담,E/S,12,1802-880,B3-1F,6번 출입구
1507,7,청담,E/S,13,1802-881,1F-B3,7번 출입구
1508,7,청담,E/S,14,1802-882,B3-1F,7번 출입구
1509,7,청담,E/S,15,1802-883,1F-B3,9번 출입구
1510,7,청담,E/S,16,1802-884,B3-1F,9번 출입구
1511,7,강남구청(7),E/S,1,1805-505,B1-B2,대합실(1~4번 출입구방면)
1512,7,강남구청(7),E/S,2,1805-506,B2-B1,대합실(1~4번 출입구방면)
1513,7,강남구청(7),E/S,3,1805-507,B2-B1,대합실(1~4번 출입구방면)
1514,7,강남구청(7),E/S,4,1805-508,B1-B2,대합실(1~4번 출입구방면)
1515,7,강남구청(7),E/S,5,1805-639,B1-BM,1번 출입구
1516,7,강남구청(7),E/S,6,1805-640,BM-B1,1번 출입구
1517,7,강남구청(7),E/S,7,1805-509,B1-BM,4번 출입구
1518,7,학동,E/S,1,1806-931,B1-B2,3~5번 출입구방면 통로
1519,7,학동,E/S,2,1806-932,B2-B1,3~5번 출입구방면 통로
1520,7,학동,E/S,3,1806-933,B2-B1,6~8번 출입구방면 통로
1521,7,학동,E/S,4,1806-934,B1-B2,6~8번 출입구방면 통로
1522,7,학동,E/S,5,1806-935,B1-1F,1번 출입구
1523,7,학동,E/S,6,1806-936,1F-B1,1번 출입구
1524,7,학동,E/S,7,1806-937,B1-1F,10번 출입구
1525,7,학동,E/S,8,1806-938,1F-B1,10번 출입구
1526,7,학동,E/S,9,1805-667,B2-B1,"1,2,9,10번 출입구방면 통로"
1527,7,학동,E/S,10,1805-668,B1-B2,"1,2,9,10번 출입구방면 통로"
1528,7,논현,E/S,1,1802-765,B2-B1,대합실(1~10번 출입구방면)
1529,7,논현,E/S,2,1802-766,B1-B2,대합실(1~10번 출입구방면)
1530,7,논현,E/S,3,1802-767,B1-B2,대합실(1~10번 출입구방면)
1531,7,논현,E/S,4,1802-539,B2-B1,대합실(1~10번 출입구방면)
1532,7,논현,E/S,5,1802-768,BM-B1,"대합실(1,2번 출입구)"
1533,7,논현,E/S,6,1802-769,B1-BM,"대합실(1,2번 출입구)"
1534,7,논현,E/S,7,1802-841,B1-BM,"대합실(9,10번 출입구)"
1535,7,논현,E/S,8,1802-842,BM-B1,"대합실(9,10번 출입구)"
1536,7,논현,E/S,9,1802-770,B1-BM,"대합실(5,6번 출입구)"
1537,7,논현,E/S,10,1802-771,B1-BM,"대합실(7,8번 출입구)"
1538,7,논현,E/S,11,1802-772,BM-B1,"대합실(7,8번 출입구)"
1539,7,논현,E/S,12,1802-773,1F-BM,2번 출입구
1540,7,논현,E/S,13,1802-774,BM-1F,2번 출입구
1541,7,논현,E/S,14,1802-843,BM-1F,9번 출입구
1542,7,논현,E/S,15,1802-844,1F-BM,9번 출입구
1543,7,논현,E/S,16,1802-845,1F-BM,5번 출입구
1544,7,논현,E/S,17,1802-846,BM-1F,5번 출입구
1545,7,논현,E/S,18,1802-847,BM-1F,8번 출입구
1546,7,논현,E/S,19,1802-848,1F-BM,8번 출입구
1547,7,반포,E/S,1,1805-623,B1-1F,1번 출입구
1548,7,반포,E/S,2,1805-624,1F-B1,1번 출입구
1549,7,반포,E/S,3,1802-849,B1-1F,6번 출입구
1550,7,반포,E/S,4,1802-850,1F-B1,6번 출입구
1551,7,반포,E/S,5,1807-979,B2-B1,대합실(1~6번 출입구방면)
1552,7,반포,E/S,6,1807-982,B1-B2,대합실(1~6번 출입구방면)
1553,7,고속터미널(7),E/S,1,1802-721,B3-B2,반포 방면2-4
1554,7,고속터미널(7),E/S,2,1802-722,B2-B3,반포 방면2-4
1555,7,고속터미널(7),E/S,3,1802-723,B3-B2,내방 방면7-1
1556,7,고속터미널(7),E/S,4,1802-724,B2-B3,내방 방면7-1
1557,7,고속터미널(7),E/S,5,1802-751,B3-B2,반포 방면4-4
1558,7,고속터미널(7),E/S,6,1802-752,B3-B2,내방 방면5-1
1559,7,고속터미널(7),E/S,7,1802-753,B3-B2,반포 방면7-1
1560,7,고속터미널(7),E/S,8,1802-754,B3-B2,내방 방면2-4
1561,7,고속터미널(7),E/S,9,1802-755,B2-B1,"환승통로(3,9호선)"
1562,7,고속터미널(7),E/S,10,1802-756,B2-B1,"환승통로(3,9호선)"
1563,7,고속터미널(7),E/S,11,1802-757,B1-B2,"환승통로(3,9호선)"
1564,7,고속터미널(7),E/S,12,1802-758,B2-B1,대합실(3번 출입구)
1565,7,고속터미널(7),E/S,13,1802-759,B1-B2,대합실(3번 출입구)
1566,7,고속터미널(7),E/S,14,1802-760,B1-B2,대합실(4~6번 출입구방면)
1567,7,고속터미널(7),E/S,15,1802-761,B2-B1,대합실(4~6번 출입구방면)
1568,7,고속터미널(7),E/S,16,1802-762,BM-B1,3번 출입구방면 통로
1569,7,고속터미널(7),E/S,17,1802-763,B1-BM,3번 출입구방면 통로
1570,7,고속터미널(7),E/S,18,1802-764,BM2-BM,3번 출입구
1571,7,고속터미널(7),E/S,19,1802-725,BM-BM2,3번 출입구
1572,7,고속터미널(7),E/S,20,1802-726,BM-B1,"4,5,6번 출입구방면 통로 "
1573,7,고속터미널(7),E/S,21,1802-727,B1-BM,"4,5,6번 출입구방면 통로 "
1574,7,내방,E/S,1,1802-728,B1-1F,2번 출입구
1575,7,내방,E/S,2,1802-729,1F-B1,2번 출입구
1576,7,내방,E/S,3,1802-730,B1-1F,4번 출입구
1577,7,내방,E/S,4,1802-731,1F-B1,4번 출입구
1578,7,내방,E/S,5,1802-732,B1-1F,6번 출입구
1579,7,내방,E/S,6,1802-733,1F-B1,6번 출입구
1580,7,내방,E/S,7,1802-734,B1-1F,7번 출입구
1581,7,내방,E/S,8,1802-735,1F-B1,7번 출입구
1582,7,내방,E/S,9,1807-980,B2-B1,대합실(1~8번 출입구방면)
1583,7,내방,E/S,10,1807-981,B1-B2,대합실(1~8번 출입구방면)
1584,7,이수(7),E/S,1,1804-174,B4-B3,내방 방면3-4
1585,7,이수(7),E/S,2,1804-175,B4-B3,남성 방면6-1
1586,7,이수(7),E/S,3,1804-176,B3-B4,대합실(환승구간 방면)
1587,7,이수(7),E/S,4,1804-177,B4-B3,대합실(환승구간 방면)
1588,7,이수(7),E/S,5,1804-178,B4-B2,환승통로(당고개 방면)
1589,7,이수(7),E/S,6,1804-179,B2-B4,환승통로(당고개 방면)
1590,7,이수(7),E/S,7,1804-180,B4-B2,환승통로(사당 방면)
1591,7,이수(7),E/S,8,1804-181,B2-B4,환승통로(사당 방면)
1592,7,이수(7),E/S,9,1804-182,"B3-B1, B1-B3","대합실(3~8,11,12번 출입구방면)"
1593,7,이수(7),E/S,10,1804-183,B1-B3,"대합실(9,10번 출입구방면)"
1594,7,이수(7),E/S,11,1804-184,B3-B1,"대합실(3~8,11,12번 출입구방면)"
1595,7,이수(7),E/S,12,1804-185,B1-B3,"대합실(3~8,11,12번 출입구방면)"
1596,7,이수(7),E/S,13,1804-186,B3-B1,"대합실(9,10번 출입구방면)"
1597,7,이수(7),E/S,14,1804-187,1F-B1,6번 출입구
1598,7,이수(7),E/S,15,1804-188,B1-1F,6번 출입구
1599,7,이수(7),E/S,16,1804-189,1F-B1,7번 출입구
1600,7,이수(7),E/S,17,1804-190,B1-1F,7번 출입구
1601,7,이수(7),E/S,18,1804-191,1F-B1,3번 출입구
1602,7,이수(7),E/S,19,1804-192,B1-1F,3번 출입구
1603,7,이수(7),E/S,20,1804-193,1F-B1,12번 출입구
1604,7,이수(7),E/S,21,1804-194,B1-1F,12번 출입구
1605,7,이수(7),E/S,22,1804-195,1F-B1,10번 출입구
1606,7,이수(7),E/S,23,1804-196,B1-1F,10번 출입구
1607,7,남성,E/S,1,1804-203,B2-B1,대합실(1~4번 출입구방면)
1608,7,남성,E/S,2,1816-267,B1-1F,1번 출입구
1609,7,남성,E/S,3,1816-268,1F-B1,1번 출입구
1610,7,남성,E/S,4,1804-206,B1-1F,4번 출입구
1611,7,남성,E/S,5,1804-207,1F-B1,4번 출입구
1612,7,남성,E/S,6,1809-951,B1-B2,대합실(1~4번 출입구방면)
1613,7,남성,E/S,7,1807-975,B1-BM,3번 출입구방면 통로
1614,7,남성,E/S,8,1807-976,BM-B1,3번 출입구방면 통로
1615,7,남성,E/S,9,1807-977,BM-1F,3번 출입구
1616,7,남성,E/S,10,1807-978,1F-BM,3번 출입구
1617,7,남성,E/S,11,1816-269,B1-BM,2번 출입구방면 통로
1618,7,남성,E/S,12,1816-270,BM-B1,2번 출입구방면 통로
1619,7,남성,E/S,13,1816-271,BM-1F,2번 출입구
1620,7,남성,E/S,14,1816-272,1F-BM,2번 출입구
1621,7,숭실대입구,E/S,1,1804-278,B5-B2,대합실
1622,7,숭실대입구,E/S,2,1804-279,B5-B2,대합실
1623,7,숭실대입구,E/S,3,1804-280,B2-B5,대합실
1624,7,숭실대입구,E/S,4,1807-201,B2-B1,대합실(1~4번 출입구방면)
1625,7,숭실대입구,E/S,5,1807-202,B2-B1,대합실(1~4번 출입구방면)
1626,7,숭실대입구,E/S,6,1807-203,B1-B2,대합실(1~4번 출입구방면)
1627,7,숭실대입구,E/S,7,1807-204,B1-1F,1번 출입구
1628,7,숭실대입구,E/S,8,1807-205,1F-B1,1번 출입구
1629,7,숭실대입구,E/S,9,1807-206,B1-1F,4번 출입구
1630,7,숭실대입구,E/S,10,1807-207,1F-B1,4번 출입구
1631,7,숭실대입구,E/S,11,1808-000,B1-1F,3번 출입구
1632,7,숭실대입구,E/S,12,1807-999,1F-B1,3번 출입구
1633,7,상도,E/S,1,1803-925,B2-B1,대합실(1~5번 출입구방면)
1634,7,상도,E/S,2,1803-926,BM-B1,"1,2번 출입구방면 통로"
1635,7,상도,E/S,3,1803-927,B1-BM,"1,2번 출입구방면 통로"
1636,7,상도,E/S,4,1803-928,B1-BM,3~5번 출입구방면 통로
1637,7,상도,E/S,5,1803-929,BM-B1,3~5번 출입구방면 통로
1638,7,상도,E/S,6,1803-930,1F-BM,2번 출입구
1639,7,상도,E/S,7,1803-931,BM-1F,2번 출입구
1640,7,상도,E/S,8,1803-932,BM-1F,5번 출입구
1641,7,상도,E/S,9,1803-933,1F-BM,5번 출입구
1642,7,상도,E/S,10,1803-934,BM-1F,4번 출입구
1643,7,상도,E/S,11,1803-935,1F-BM,4번 출입구
1644,7,장승배기,E/S,1,1803-936,B2-B1,"대합실(5,6번 출입구방면)"
1645,7,장승배기,E/S,2,1803-937,B2-B1,"대합실(3,4번 출입구방면)"
1646,7,장승배기,E/S,3,1803-938,B1-BM,5번 출입구방면 통로
1647,7,장승배기,E/S,4,1803-939,BM-B1,5번 출입구방면 통로
1648,7,장승배기,E/S,5,1803-940,B1-1F,1번 출입구
1649,7,장승배기,E/S,6,1803-941,1F-B1,1번 출입구
1650,7,장승배기,E/S,7,1803-942,B1-BM,2번 출입구
1651,7,장승배기,E/S,8,1803-943,BM-1F,2번 출입구
1652,7,장승배기,E/S,9,1803-944,BM-1F,6번 출입구
1653,7,장승배기,E/S,10,1803-945,1F-BM,6번 출입구
1654,7,장승배기,E/S,11,1816-323,B3-B2,상도 방면3-3
1655,7,장승배기,E/S,12,1816-324,B2-B3,상도 방면3-3
1656,7,장승배기,E/S,13,1816-325,B3-B2,신대방삼거리 방면4-4
1657,7,장승배기,E/S,14,1816-326,B2-B3,신대방삼거리 방면4-4
1658,7,신대방삼거리,E/S,1,1803-975,B2-B1,"대합실(1,2,5,6번 출입구방면)"
1659,7,신대방삼거리,E/S,2,1803-982,B2-B1,"대합실(3,4번 출입구방면)"
1660,7,신대방삼거리,E/S,3,1803-976,B1-BM,1번 출입구
1661,7,신대방삼거리,E/S,4,1803-977,BM-B1,1번 출입구
1662,7,신대방삼거리,E/S,5,1803-978,BM-1F,1번 출입구
1663,7,신대방삼거리,E/S,6,1803-979,1F-BM,1번 출입구
1664,7,신대방삼거리,E/S,7,1803-980,1F-BM,3번 출입구
1665,7,신대방삼거리,E/S,8,1803-981,BM-1F,3번 출입구
1666,7,신대방삼거리,E/S,9,1807-605,B2-B3,장승배기 방면3-4
1667,7,신대방삼거리,E/S,10,1807-606,B3-B2,장승배기 방면3-4
1668,7,신대방삼거리,E/S,11,1807-607,B3-B2,보라매 방면3-4
1669,7,신대방삼거리,E/S,12,1807-608,B2-B3,보라매 방면3-4
1670,7,보라매,E/S,1,1803-492,"B1-BM,BM-B1","1,2번 출입구방면 통로"
1671,7,보라매,E/S,2,1803-493,B1-1F,8번 출입구
1672,7,보라매,E/S,3,1803-494,1F-B1,8번 출입구
1673,7,보라매,E/S,4,1803-495,"B1-BM,BM-B1",6번 출입구
1674,7,신풍,E/S,1,1803-588,B1-1F,1번 출입구
1675,7,신풍,E/S,2,1803-589,1F-B1,1번 출입구
1676,7,신풍,E/S,3,1803-590,1F-B1,3번 출입구
1677,7,신풍,E/S,4,1803-591,B1-1F,3번 출입구
1678,7,대림(7),E/S,1,1803-601,B1-B2,신풍 방면8-4
1679,7,대림(7),E/S,2,1803-602,B2-B1,신풍 방면8-4
1680,7,대림(7),E/S,3,1803-603,B1-B2,남구로 방면1-1
1681,7,대림(7),E/S,4,1803-604,B2-B1,남구로 방면1-1
1682,7,대림(7),E/S,5,1803-605,B1-1F,10번 출입구
1683,7,대림(7),E/S,6,1803-606,1F-B1,10번 출입구
1684,7,대림(7),E/S,7,1803-607,BM-B1,환승통로(2호선)
1685,7,대림(7),E/S,8,1803-608,1F-BM,환승통로(2호선)
1686,7,대림(7),E/S,9,1803-609,1F-BM,환승통로(2호선)
1687,7,대림(7),E/S,10,1803-610,B1-1F,환승통로(2호선)
1688,7,대림(7),E/S,11,1803-611,B1-1F,환승통로(2호선)
1689,7,대림(7),E/S,12,1814-635,B1-1F,11번 출입구
1690,7,대림(7),E/S,13,1814-636,1F-B1,11번 출입구
1691,7,남구로,E/S,1,1803-576,B2-B4,"대합실(1,6번 출입구방면)"
1692,7,남구로,E/S,2,1803-577,B4-B2,"대합실(1,6번 출입구방면)"
1693,7,남구로,E/S,3,1803-578,B4-B2,대합실(2~5번 출입구방면)
1694,7,남구로,E/S,4,1803-579,B2-B4,대합실(2~5번 출입구방면)
1695,7,남구로,E/S,5,1803-580,B2-BM2,"1,6번 출입구방면 통로"
1696,7,남구로,E/S,6,1803-581,BM2-B2,"1,6번 출입구방면 통로"
1697,7,남구로,E/S,7,1803-582,BM-B2,2~5번 출입구방면 통로
1698,7,남구로,E/S,8,1803-583,B2-BM,2~5번 출입구방면 통로
1699,7,남구로,E/S,9,1803-584,1F-BM,2번 출입구
1700,7,남구로,E/S,10,1803-585,BM-1F,2번 출입구
1701,7,남구로,E/S,11,1803-586,BM-1F,5번 출입구
1702,7,남구로,E/S,12,1803-587,1F-BM,5번 출입구
1703,7,가산디지털단지(7),E/S,1,1803-480,B3-B1,"대합실(4,5,6번 출입구 및 1호선 환승구간 방면)"
1704,7,가산디지털단지(7),E/S,2,1803-481,B3-B1,"대합실(4,5,6번 출입구 및 1호선 환승구간 방면)"
1705,7,가산디지털단지(7),E/S,3,1803-482,B1-B3,"대합실(4,5,6번 출입구 및 1호선 환승구간 방면)"
1706,7,가산디지털단지(7),E/S,4,1803-483,B1-B3,"대합실(7,8,9번 출입구방면)"
1707,7,가산디지털단지(7),E/S,5,1803-484,B3-B1,"대합실(7,8,9번 출입구방면)"
1708,7,가산디지털단지(7),E/S,6,1803-485,B3-B1,"대합실(7,8,9번 출입구방면)"
1709,7,가산디지털단지(7),E/S,7,1803-486,1F-B1,7번 출입구
1710,7,가산디지털단지(7),E/S,8,1803-487,B1-1F,7번 출입구
1711,7,가산디지털단지(7),E/S,9,1803-488,B1-1F,환승통로(7호선 대합실-1호선 승강장)
1712,7,가산디지털단지(7),E/S,10,1803-489,1F-B1,환승통로(7호선 대합실-1호선 승강장)
1713,7,가산디지털단지(7),E/S,11,1803-490,B1-1F,환승통로(7호선 대합실-1호선 승강장)
1714,7,가산디지털단지(7),E/S,12,1803-491,1F-B1,환승통로(7호선 대합실-1호선 승강장)
1715,7,가산디지털단지(7),E/S,17,1815-832,B1-BM1,8번 출입구
1716,7,가산디지털단지(7),E/S,18,1815-833,BM1-1F,8번 출입구
1717,7,철산,E/S,1,3801-711,1F-B1,2번 출입구
1718,7,철산,E/S,2,3801-712,B1-1F,2번 출입구
1719,7,철산,E/S,3,3808-480,B1-1F,1번 출입구
1720,7,철산,E/S,4,3808-479,1F-B1,1번 출입구
1721,7,철산,E/S,5,3813-188,B1-1F,4번 출입구
1722,7,철산,E/S,6,3813-187,1F-B1,4번 출입구
1723,7,광명사거리,E/S,1,3818-918,B1-1F,9번 출입구
1724,7,광명사거리,E/S,2,3818-919,B1-1F,9번 출입구
1725,7,천왕,E/S,1,1803-478,B1-1F,3번 출입구
1726,7,천왕,E/S,2,1803-479,1F-B1,3번 출입구
1727,7,천왕,E/S,3,1810-908,B1-1F,1번 출입구
1728,7,천왕,E/S,4,1810-909,1F-B1,1번 출입구
1729,7,천왕,E/S,5,1812-615,B1-1F,2번 출입구
1730,7,천왕,E/S,6,1812-616,1F-B1,2번 출입구
1731,7,온수(7),E/S,1,1803-454,B2-B1,천왕 방면1-1
1732,7,온수(7),E/S,2,1803-455,B2-B1,천왕 방면8-4
1733,7,온수(7),E/S,3,1803-456,B2-B1,까치울 방면8-4
1734,7,온수(7),E/S,4,1803-457,B2-B1,까치울 방면1-1
1735,7,온수(7),E/S,5,1803-458,BM-B1,5번 출입구
1736,7,온수(7),E/S,6,1803-459,B1-BM,5번 출입구
1737,7,온수(7),E/S,7,1803-460,B1-1F,환승통로(1호선 승강장)
1738,7,온수(7),E/S,8,1803-461,B1-1F,환승통로(1호선 승강장)
1739,7,온수(7),E/S,9,1803-462,B1-1F,2번 출입구
1740,7,온수(7),E/S,10,1803-463,1F-B1,2번 출입구
1741,7,온수(7),E/S,11,1803-464,1F-BM,5번 출입구
1742,7,온수(7),E/S,12,1803-465,BM-1F,5번 출입구
1743,7,온수(7),E/S,13,1803-466,1F-B1,환승통로(7호선 대합실-1호선 승강장)
1744,7,온수(7),E/S,14,1803-467,B1-1F,환승통로(7호선 대합실-1호선 승강장)
1745,7,온수(7),E/S,15,1803-468,1F-B1,환승통로(7호선 대합실-1호선 승강장)
1746,7,온수(7),E/S,16,1803-469,B1-1F,환승통로(7호선 대합실-1호선 승강장)
1747,8,암사,E/S,1,1805-216,B1-1F,1번 출입구
1748,8,암사,E/S,2,1805-217,1F-B1,1번 출입구
1749,8,암사,E/S,3,1801-964,B1-1F,4번 출입구
1750,8,암사,E/S,4,1801-965,1F-B1,4번 출입구
1751,8,강동구청,E/S,1,1808-897,B2-B1,대합실(B2-B1)
1752,8,강동구청,E/S,2,1808-898,B1-B2,대합실(B2-B1)
1753,8,강동구청,E/S,3,1808-899,B1-BM,1번 출입구
1754,8,강동구청,E/S,4,1808-900,B1-BM,2번 출입구
1755,8,강동구청,E/S,5,1805-220,B1-BM,4번 출입구
1756,8,몽촌토성,E/S,1,1806-991,B2-B1,"대합실(B2, E/L 앞)"
1757,8,몽촌토성,E/S,2,1806-992,B1-B2,대합실(개찰구 측)
1758,8,몽촌토성,E/S,3,1806-993,B1-BM,1번 출입구
1759,8,몽촌토성,E/S,4,1806-994,BM-B1,1번 출입구
1760,8,몽촌토성,E/S,5,1806-995,BM-B1,"2,3번 출입구 사이"
1761,8,몽촌토성,E/S,6,1806-996,B1-BM,"2,3번 출입구 사이"
1762,8,몽촌토성,E/S,7,1806-997,BM-1F,5번 출입구
1763,8,몽촌토성,E/S,8,1806-998,1F-BM,5번 출입구
1764,8,잠실(8),E/S,1,1805-625,B1-BM,9번 출입구
1765,8,잠실(8),E/S,2,1807-889,B2-B1,"대합실(9,10번 출입구 사이)"
1766,8,잠실(8),E/S,3,1807-890,B1-B2,"대합실(9,10번 출입구 사이)"
1767,8,잠실(8),E/S,4,1809-593,B2-B1,고객 안전실
1768,8,잠실(8),E/S,5,1809-594,B1-B2,고객 안전실
1769,8,송파,E/S,1,1811-794,B1-1F,3번 출입구
1770,8,송파,E/S,2,1811-795,1F-B1,3번 출입구
1771,8,송파,E/S,3,1811-796,B1-1F,4번 출입구
1772,8,송파,E/S,4,1811-797,1F-B1,4번 출입구
1773,8,가락시장(8),E/S,1,1805-681,B3-B2,"환승통로(B3, 3호선)"
1774,8,가락시장(8),E/S,2,1805-682,B2-B3,"환승통로(B3, 3호선)"
1775,8,가락시장(8),E/S,3,1805-683,B3-B2,"환승통로(B3, 3호선)"
1776,8,가락시장(8),E/S,4,1805-684,B2-B3,"환승통로(B3, 3호선)"
1777,8,가락시장(8),E/S,5,1802-926,B1-1F,1번 출입구
1778,8,가락시장(8),E/S,6,1802-927,1F-B1,1번 출입구
1779,8,가락시장(8),E/S,7,1805-685,B1-1F,2번 출입구
1780,8,가락시장(8),E/S,8,1805-686,1F-B1,2번 출입구
1781,8,가락시장(8),E/S,9,1805-687,B1-1F,5번 출입구
1782,8,가락시장(8),E/S,10,1805-688,1F-B1,5번 출입구
1783,8,가락시장(8),E/S,11,1805-689,B1-1F,6번 출입구
1784,8,가락시장(8),E/S,12,1805-690,1F-B1,6번 출입구
1785,8,문정,E/S,1,1811-192,B1-1F,2번 출입구
1786,8,문정,E/S,2,1811-191,1F-B1,2번 출입구
1787,8,문정,E/S,3,1811-841,B2-1F,3번 출입구
1788,8,문정,E/S,4,1811-842,1F-B2,3번 출입구
1789,8,문정,E/S,5,1811-843,B1-BM,4번 출입구
1790,8,문정,E/S,6,1811-844,BM-B1,4번 출입구
1791,8,문정,E/S,7,1811-845,BM-1F,4번 출입구
1792,8,문정,E/S,8,1811-846,1F-BM,4번 출입구
1793,8,장지,E/S,1,1805-661,BM-B1,대합실
1794,8,장지,E/S,2,1805-662,BM-B1,대합실
1795,8,장지,E/S,3,1805-663,B1-BM,대합실
1796,8,장지,E/S,4,1805-664,B1-BM,대합실
1797,8,장지,E/S,5,1805-665,1F-BM,3번 출입구
1798,8,장지,E/S,6,1805-666,BM-1F,3번 출입구
1799,8,장지,E/S,7,1811-848,BM1-1F,1번 출입구
1800,8,장지,E/S,8,1811-849,1F-BM1,1번 출입구
1801,8,복정(8),E/S,1,1802-951,B2-B1,"장지 방면5-2, 남위례 방면2-2"
1802,8,복정(8),E/S,2,1802-952,1F-BM,2번 출입구
1803,8,복정(8),E/S,3,1802-953,BM-1F,2번 출입구
1804,8,남위례,E/S,1,3813-889,1F-2F,1번 출입구
1805,8,남위례,E/S,2,3813-890,2F-1F,1번 출입구
1806,8,남위례,E/S,3,3813-891,2F-3F,대합실
1807,8,남위례,E/S,4,3813-892,3F-2F,대합실
1808,8,남위례,E/S,5,3813-886,3F-2F,산성 방면5-1
1809,8,남위례,E/S,6,3813-887,2F-3F,산성 방면5-1
1810,8,남위례,E/S,7,3813-888,1F-2F,5번 출입구
1811,8,산성,E/S,1,3805-435,B2-B3,남위례 방면1-3
1812,8,산성,E/S,2,3805-436,B3-B2,남위례 방면1-3
1813,8,산성,E/S,3,3805-437,B2-B3,남한산성입구 방면6-2
1814,8,산성,E/S,4,3805-438,B3-B2,남한산성입구 방면6-2
1815,8,산성,E/S,10,3805-439,B2-B1,남위례 방면6-2
1816,8,산성,E/S,11,3805-440,B2-B1,남위례 방면6-2
1817,8,산성,E/S,12,3805-502,1F-BM,남한산성입구 방면1-3
1818,8,산성,E/S,13,3805-501,BM-1F,남한산성입구 방면1-3
1819,8,남한산성입구,E/S,1,3802-079,B1-1F,대합실
1820,8,남한산성입구,E/S,2,3802-080,1F-B1,대합실
1821,8,남한산성입구,E/S,3,3805-603,B2-B1,대합실
1822,8,남한산성입구,E/S,4,3805-604,B1-B2,2번 출입구
1823,8,단대오거리,E/S,1,3802-053,B1-1F,2번 출입구
1824,8,단대오거리,E/S,2,3802-054,1F-B1,1번 출입구
1825,8,단대오거리,E/S,3,3805-601,B1-B2,1번 출입구
1826,8,단대오거리,E/S,4,3805-602,B2-B1,대합실
1827,8,단대오거리,E/S,5,3811-916,B1-1F,대합실
1828,8,단대오거리,E/S,6,3811-917,1F-B1,1번 출입구
1829,8,모란(8),E/S,1,3802-183,B1-B2,1번 출입구
1830,8,모란(8),E/S,2,3802-184,B2-B1,대합실
1831,8,산성,E/S,5,3802-097,B3-B2,대합실
1832,8,산성,E/S,6,3802-098,B2-B3,3번 출입구
1833,8,산성,E/S,7,3802-099,B3-B2,3번 출입구
1834,8,산성,E/S,8,3802-100,B2-B3,대합실
1835,8,산성,E/S,9,3805-449,B1-B2,대합실
